﻿{"ous":[{"Properties":{"name":"DOMAIN CONTROLLERS@HTB.LOCAL","highvalue":false,"domain":"HTB.LOCAL","blocksinheritance":false,"description":"Default container for domain controllers"},"Guid":"92131800-3766-4BB2-BA74-30DEC65B543F","ChildOus":[],"Computers":["FOREST.HTB.LOCAL"],"Users":[],"Links":[{"IsEnforced":false,"Name":"DEFAULT DOMAIN CONTROLLERS POLICY@HTB.LOCAL"}],"Aces":null},{"Properties":{"name":"INFORMATION TECHNOLOGY@HTB.LOCAL","highvalue":false,"domain":"HTB.LOCAL","blocksinheritance":false,"description":null},"Guid":"DFBAFD44-447F-4BA0-9BAD-CFAE492E6413","ChildOus":["46E53884-3294-4016-BF9D-BB102513FCA4","98D97B19-ADD5-499A-8FA3-BAEE971306B0","3902C8E3-5CCC-49FD-804E-DCE0813C50D6","A7CE94A3-B3C5-4198-B5D6-B8A2275E49F7","32386455-6007-4DB1-9FA7-D368649B50FA","8414356C-1F79-44BF-9861-CD84412A69EB"],"Computers":[],"Users":[],"Links":null,"Aces":null},{"Properties":{"name":"EXCHANGE ADMINISTRATORS@HTB.LOCAL","highvalue":false,"domain":"HTB.LOCAL","blocksinheritance":false,"description":null},"Guid":"3902C8E3-5CCC-49FD-804E-DCE0813C50D6","ChildOus":[],"Computers":[],"Users":["SEBASTIEN@HTB.LOCAL"],"Links":null,"Aces":null},{"Properties":{"name":"DEVELOPERS@HTB.LOCAL","highvalue":false,"domain":"HTB.LOCAL","blocksinheritance":false,"description":null},"Guid":"98D97B19-ADD5-499A-8FA3-BAEE971306B0","ChildOus":[],"Computers":[],"Users":["SANTI@HTB.LOCAL"],"Links":null,"Aces":null},{"Properties":{"name":"APPLICATION SUPPORT@HTB.LOCAL","highvalue":false,"domain":"HTB.LOCAL","blocksinheritance":false,"description":null},"Guid":"46E53884-3294-4016-BF9D-BB102513FCA4","ChildOus":[],"Computers":[],"Users":[],"Links":null,"Aces":null},{"Properties":{"name":"SALES@HTB.LOCAL","highvalue":false,"domain":"HTB.LOCAL","blocksinheritance":false,"description":null},"Guid":"3949ABD7-0657-4AF5-9ABA-EB7A3D0C0DE7","ChildOus":[],"Computers":[],"Users":[],"Links":null,"Aces":null},{"Properties":{"name":"MARKETING@HTB.LOCAL","highvalue":false,"domain":"HTB.LOCAL","blocksinheritance":false,"description":null},"Guid":"B4F6F807-E0F8-4C8C-A19C-3EB86C2FDDA7","ChildOus":[],"Computers":[],"Users":[],"Links":null,"Aces":null},{"Properties":{"name":"RECEPTION@HTB.LOCAL","highvalue":false,"domain":"HTB.LOCAL","blocksinheritance":false,"description":null},"Guid":"07DF9C29-A241-4235-8C29-C193D24FC904","ChildOus":[],"Computers":[],"Users":[],"Links":null,"Aces":null},{"Properties":{"name":"IT MANAGEMENT@HTB.LOCAL","highvalue":false,"domain":"HTB.LOCAL","blocksinheritance":false,"description":null},"Guid":"32386455-6007-4DB1-9FA7-D368649B50FA","ChildOus":[],"Computers":[],"Users":["LUCINDA@HTB.LOCAL"],"Links":null,"Aces":null},{"Properties":{"name":"HELPDESK@HTB.LOCAL","highvalue":false,"domain":"HTB.LOCAL","blocksinheritance":false,"description":null},"Guid":"A7CE94A3-B3C5-4198-B5D6-B8A2275E49F7","ChildOus":[],"Computers":[],"Users":["ANDY@HTB.LOCAL"],"Links":null,"Aces":null},{"Properties":{"name":"SYSADMINS@HTB.LOCAL","highvalue":false,"domain":"HTB.LOCAL","blocksinheritance":false,"description":null},"Guid":"8414356C-1F79-44BF-9861-CD84412A69EB","ChildOus":[],"Computers":[],"Users":["MARK@HTB.LOCAL"],"Links":null,"Aces":null},{"Properties":{"name":"SERVICE ACCOUNTS@HTB.LOCAL","highvalue":false,"domain":"HTB.LOCAL","blocksinheritance":false,"description":null},"Guid":"1202934E-089B-4931-A5BA-954AD48AD491","ChildOus":[],"Computers":[],"Users":["SVC-ALFRESCO@HTB.LOCAL"],"Links":null,"Aces":null},{"Properties":{"name":"SECURITY GROUPS@HTB.LOCAL","highvalue":false,"domain":"HTB.LOCAL","blocksinheritance":false,"description":null},"Guid":"AEA93C3D-457B-4B20-B75B-10EF006F0267","ChildOus":[],"Computers":[],"Users":[],"Links":null,"Aces":null},{"Properties":{"name":"EMPLOYEES@HTB.LOCAL","highvalue":false,"domain":"HTB.LOCAL","blocksinheritance":false,"description":null},"Guid":"E3AC1B11-3EF0-40A6-AE6B-6D5D7EBB07C4","ChildOus":["DFBAFD44-447F-4BA0-9BAD-CFAE492E6413","B4F6F807-E0F8-4C8C-A19C-3EB86C2FDDA7","07DF9C29-A241-4235-8C29-C193D24FC904","3949ABD7-0657-4AF5-9ABA-EB7A3D0C0DE7"],"Computers":[],"Users":[],"Links":null,"Aces":null},{"Properties":{"name":"MICROSOFT EXCHANGE SECURITY GROUPS@HTB.LOCAL","highvalue":false,"domain":"HTB.LOCAL","blocksinheritance":false,"description":null},"Guid":"2541B1D2-3979-4F9D-8974-375D74C7A170","ChildOus":[],"Computers":[],"Users":[],"Links":null,"Aces":null}],"meta":{"count":15,"type":"ous"}}