﻿{"domains":[{"Properties":{"objectsid":"S-1-5-21-3072663084-364016917-1341370565","highvalue":true,"domain":"HTB.LOCAL","description":null,"functionallevel":"2016"},"Name":"HTB.LOCAL","Links":[{"IsEnforced":false,"Name":"DEFAULT DOMAIN POLICY@HTB.LOCAL"}],"Trusts":[],"Aces":[{"PrincipalName":"ADMINISTRATORS@HTB.LOCAL","PrincipalType":"group","RightName":"Owner","AceType":""},{"PrincipalName":"ADMINISTRATORS@HTB.LOCAL","PrincipalType":"group","RightName":"WriteDacl","AceType":""},{"PrincipalName":"ADMINISTRATORS@HTB.LOCAL","PrincipalType":"group","RightName":"WriteOwner","AceType":""},{"PrincipalName":"ADMINISTRATORS@HTB.LOCAL","PrincipalType":"group","RightName":"ExtendedRight","AceType":"All"},{"PrincipalName":"DOMAIN ADMINS@HTB.LOCAL","PrincipalType":"group","RightName":"WriteDacl","AceType":""},{"PrincipalName":"DOMAIN ADMINS@HTB.LOCAL","PrincipalType":"group","RightName":"WriteOwner","AceType":""},{"PrincipalName":"DOMAIN ADMINS@HTB.LOCAL","PrincipalType":"group","RightName":"ExtendedRight","AceType":"All"},{"PrincipalName":"ENTERPRISE ADMINS@HTB.LOCAL","PrincipalType":"group","RightName":"GenericAll","AceType":""},{"PrincipalName":"ENTERPRISE DOMAIN CONTROLLERS@HTB.LOCAL","PrincipalType":"group","RightName":"ExtendedRight","AceType":"GetChanges"},{"PrincipalName":"ADMINISTRATORS@HTB.LOCAL","PrincipalType":"group","RightName":"ExtendedRight","AceType":"GetChangesAll"},{"PrincipalName":"ADMINISTRATORS@HTB.LOCAL","PrincipalType":"group","RightName":"ExtendedRight","AceType":"GetChanges"},{"PrincipalName":"ENTERPRISE READ-ONLY DOMAIN CONTROLLERS@HTB.LOCAL","PrincipalType":"group","RightName":"ExtendedRight","AceType":"GetChanges"},{"PrincipalName":"DOMAIN CONTROLLERS@HTB.LOCAL","PrincipalType":"group","RightName":"ExtendedRight","AceType":"GetChangesAll"},{"PrincipalName":"EXCHANGE WINDOWS PERMISSIONS@HTB.LOCAL","PrincipalType":"group","RightName":"WriteDacl","AceType":""}],"ChildOus":["92131800-3766-4BB2-BA74-30DEC65B543F","E3AC1B11-3EF0-40A6-AE6B-6D5D7EBB07C4","2541B1D2-3979-4F9D-8974-375D74C7A170","AEA93C3D-457B-4B20-B75B-10EF006F0267","1202934E-089B-4931-A5BA-954AD48AD491"],"Computers":["EXCH01.HTB.LOCAL"],"Users":["HEALTHMAILBOXC3D7722@HTB.LOCAL","HEALTHMAILBOXFC9DAAD@HTB.LOCAL","HEALTHMAILBOXC0A90C9@HTB.LOCAL","HEALTHMAILBOX670628E@HTB.LOCAL","HEALTHMAILBOX968E74D@HTB.LOCAL","HEALTHMAILBOX6DED678@HTB.LOCAL","HEALTHMAILBOX83D6781@HTB.LOCAL","HEALTHMAILBOXFD87238@HTB.LOCAL","HEALTHMAILBOXB01AC64@HTB.LOCAL","HEALTHMAILBOX7108A4E@HTB.LOCAL","HEALTHMAILBOX0659CC1@HTB.LOCAL","ADMINISTRATOR@HTB.LOCAL","GUEST@HTB.LOCAL","DEFAULTACCOUNT@HTB.LOCAL","KRBTGT@HTB.LOCAL","$331000-VK4ADACQNUCA@HTB.LOCAL","SM_2C8EEF0A09B545ACB@HTB.LOCAL","SM_CA8C2ED5BDAB4DC9B@HTB.LOCAL","SM_75A538D3025E4DB9A@HTB.LOCAL","SM_681F53D4942840E18@HTB.LOCAL","SM_1B41C9286325456BB@HTB.LOCAL","SM_9B69F1B9D2CC45549@HTB.LOCAL","SM_7C96B981967141EBB@HTB.LOCAL","SM_C75EE099D0A64C91B@HTB.LOCAL","SM_1FFAB36A2F5F479CB@HTB.LOCAL","PENTEST@HTB.LOCAL"]}],"meta":{"count":1,"type":"domains"}}