﻿{"users":[{"Properties":{"domain":"HTB.LOCAL","objectsid":"S-1-5-21-3072663084-364016917-1341370565-500","highvalue":false,"enabled":true,"lastlogon":1570445827,"lastlogontimestamp":1570129677,"pwdlastset":1568826548,"serviceprincipalnames":[],"hasspn":false,"displayname":"Administrator","email":"Administrator@htb.local","title":null,"homedirectory":null,"description":"Built-in account for administering the computer/domain","userpassword":null,"sensitive":false,"dontreqpreauth":false,"passwordnotreqd":false,"unconstraineddelegation":false,"admincount":true},"Name":"ADMINISTRATOR@HTB.LOCAL","PrimaryGroup":"DOMAIN USERS@HTB.LOCAL","Aces":[{"PrincipalName":"DOMAIN ADMINS@HTB.LOCAL","PrincipalType":"group","RightName":"Owner","AceType":""},{"PrincipalName":"ADMINISTRATORS@HTB.LOCAL","PrincipalType":"group","RightName":"GenericWrite","AceType":""},{"PrincipalName":"ADMINISTRATORS@HTB.LOCAL","PrincipalType":"group","RightName":"WriteDacl","AceType":""},{"PrincipalName":"ADMINISTRATORS@HTB.LOCAL","PrincipalType":"group","RightName":"WriteOwner","AceType":""},{"PrincipalName":"ADMINISTRATORS@HTB.LOCAL","PrincipalType":"group","RightName":"ExtendedRight","AceType":"All"},{"PrincipalName":"DOMAIN ADMINS@HTB.LOCAL","PrincipalType":"group","RightName":"GenericWrite","AceType":""},{"PrincipalName":"DOMAIN ADMINS@HTB.LOCAL","PrincipalType":"group","RightName":"WriteDacl","AceType":""},{"PrincipalName":"DOMAIN ADMINS@HTB.LOCAL","PrincipalType":"group","RightName":"WriteOwner","AceType":""},{"PrincipalName":"DOMAIN ADMINS@HTB.LOCAL","PrincipalType":"group","RightName":"ExtendedRight","AceType":"All"},{"PrincipalName":"ENTERPRISE ADMINS@HTB.LOCAL","PrincipalType":"group","RightName":"GenericWrite","AceType":""},{"PrincipalName":"ENTERPRISE ADMINS@HTB.LOCAL","PrincipalType":"group","RightName":"WriteDacl","AceType":""},{"PrincipalName":"ENTERPRISE ADMINS@HTB.LOCAL","PrincipalType":"group","RightName":"WriteOwner","AceType":""},{"PrincipalName":"ENTERPRISE ADMINS@HTB.LOCAL","PrincipalType":"group","RightName":"ExtendedRight","AceType":"All"}],"AllowedToDelegate":[],"SPNTargets":[]},{"Properties":{"domain":"HTB.LOCAL","objectsid":"S-1-5-21-3072663084-364016917-1341370565-502","highvalue":false,"enabled":false,"lastlogon":0,"lastlogontimestamp":-1,"pwdlastset":1568804003,"serviceprincipalnames":["kadmin/changepw"],"hasspn":true,"displayname":null,"email":null,"title":null,"homedirectory":null,"description":"Key Distribution Center Service Account","userpassword":null,"sensitive":false,"dontreqpreauth":false,"passwordnotreqd":false,"unconstraineddelegation":false,"admincount":true},"Name":"KRBTGT@HTB.LOCAL","PrimaryGroup":"DOMAIN USERS@HTB.LOCAL","Aces":[{"PrincipalName":"DOMAIN ADMINS@HTB.LOCAL","PrincipalType":"group","RightName":"Owner","AceType":""},{"PrincipalName":"ADMINISTRATORS@HTB.LOCAL","PrincipalType":"group","RightName":"GenericWrite","AceType":""},{"PrincipalName":"ADMINISTRATORS@HTB.LOCAL","PrincipalType":"group","RightName":"WriteDacl","AceType":""},{"PrincipalName":"ADMINISTRATORS@HTB.LOCAL","PrincipalType":"group","RightName":"WriteOwner","AceType":""},{"PrincipalName":"ADMINISTRATORS@HTB.LOCAL","PrincipalType":"group","RightName":"ExtendedRight","AceType":"All"},{"PrincipalName":"DOMAIN ADMINS@HTB.LOCAL","PrincipalType":"group","RightName":"GenericWrite","AceType":""},{"PrincipalName":"DOMAIN ADMINS@HTB.LOCAL","PrincipalType":"group","RightName":"WriteDacl","AceType":""},{"PrincipalName":"DOMAIN ADMINS@HTB.LOCAL","PrincipalType":"group","RightName":"WriteOwner","AceType":""},{"PrincipalName":"DOMAIN ADMINS@HTB.LOCAL","PrincipalType":"group","RightName":"ExtendedRight","AceType":"All"},{"PrincipalName":"ENTERPRISE ADMINS@HTB.LOCAL","PrincipalType":"group","RightName":"GenericWrite","AceType":""},{"PrincipalName":"ENTERPRISE ADMINS@HTB.LOCAL","PrincipalType":"group","RightName":"WriteDacl","AceType":""},{"PrincipalName":"ENTERPRISE ADMINS@HTB.LOCAL","PrincipalType":"group","RightName":"WriteOwner","AceType":""},{"PrincipalName":"ENTERPRISE ADMINS@HTB.LOCAL","PrincipalType":"group","RightName":"ExtendedRight","AceType":"All"}],"AllowedToDelegate":[],"SPNTargets":[]},{"Properties":{"domain":"HTB.LOCAL","objectsid":"S-1-5-21-3072663084-364016917-1341370565-503","highvalue":false,"enabled":false,"lastlogon":0,"lastlogontimestamp":-1,"pwdlastset":0,"serviceprincipalnames":[],"hasspn":false,"displayname":null,"email":null,"title":null,"homedirectory":null,"description":"A user account managed by the system.","userpassword":null,"sensitive":false,"dontreqpreauth":false,"passwordnotreqd":true,"unconstraineddelegation":false,"admincount":false},"Name":"DEFAULTACCOUNT@HTB.LOCAL","PrimaryGroup":"DOMAIN USERS@HTB.LOCAL","Aces":[{"PrincipalName":"ADMINISTRATORS@HTB.LOCAL","PrincipalType":"group","RightName":"Owner","AceType":""},{"PrincipalName":"ACCOUNT OPERATORS@HTB.LOCAL","PrincipalType":"group","RightName":"GenericAll","AceType":""},{"PrincipalName":"DOMAIN ADMINS@HTB.LOCAL","PrincipalType":"group","RightName":"GenericAll","AceType":""},{"PrincipalName":"EXCHANGE WINDOWS PERMISSIONS@HTB.LOCAL","PrincipalType":"group","RightName":"ExtendedRight","AceType":"User-Force-Change-Password"},{"PrincipalName":"EXCHANGE WINDOWS PERMISSIONS@HTB.LOCAL","PrincipalType":"group","RightName":"WriteDacl","AceType":""},{"PrincipalName":"ENTERPRISE ADMINS@HTB.LOCAL","PrincipalType":"group","RightName":"GenericAll","AceType":""},{"PrincipalName":"ADMINISTRATORS@HTB.LOCAL","PrincipalType":"group","RightName":"GenericWrite","AceType":""},{"PrincipalName":"ADMINISTRATORS@HTB.LOCAL","PrincipalType":"group","RightName":"WriteDacl","AceType":""},{"PrincipalName":"ADMINISTRATORS@HTB.LOCAL","PrincipalType":"group","RightName":"WriteOwner","AceType":""},{"PrincipalName":"ADMINISTRATORS@HTB.LOCAL","PrincipalType":"group","RightName":"ExtendedRight","AceType":"All"},{"PrincipalName":"ANONYMOUS@HTB.LOCAL","PrincipalType":"group","RightName":"GenericWrite","AceType":""}],"AllowedToDelegate":[],"SPNTargets":[]},{"Properties":{"domain":"HTB.LOCAL","objectsid":"S-1-5-21-3072663084-364016917-1341370565-1123","highvalue":false,"enabled":false,"lastlogon":0,"lastlogontimestamp":-1,"pwdlastset":0,"serviceprincipalnames":[],"hasspn":false,"displayname":null,"email":null,"title":null,"homedirectory":null,"description":null,"userpassword":null,"sensitive":false,"dontreqpreauth":false,"passwordnotreqd":true,"unconstraineddelegation":false,"admincount":false},"Name":"$331000-VK4ADACQNUCA@HTB.LOCAL","PrimaryGroup":"DOMAIN USERS@HTB.LOCAL","Aces":[{"PrincipalName":"DOMAIN ADMINS@HTB.LOCAL","PrincipalType":"group","RightName":"Owner","AceType":""},{"PrincipalName":"ACCOUNT OPERATORS@HTB.LOCAL","PrincipalType":"group","RightName":"GenericAll","AceType":""},{"PrincipalName":"DOMAIN ADMINS@HTB.LOCAL","PrincipalType":"group","RightName":"GenericAll","AceType":""},{"PrincipalName":"EXCHANGE WINDOWS PERMISSIONS@HTB.LOCAL","PrincipalType":"group","RightName":"ExtendedRight","AceType":"User-Force-Change-Password"},{"PrincipalName":"EXCHANGE WINDOWS PERMISSIONS@HTB.LOCAL","PrincipalType":"group","RightName":"WriteDacl","AceType":""},{"PrincipalName":"ENTERPRISE ADMINS@HTB.LOCAL","PrincipalType":"group","RightName":"GenericAll","AceType":""},{"PrincipalName":"ADMINISTRATORS@HTB.LOCAL","PrincipalType":"group","RightName":"GenericWrite","AceType":""},{"PrincipalName":"ADMINISTRATORS@HTB.LOCAL","PrincipalType":"group","RightName":"WriteDacl","AceType":""},{"PrincipalName":"ADMINISTRATORS@HTB.LOCAL","PrincipalType":"group","RightName":"WriteOwner","AceType":""},{"PrincipalName":"ADMINISTRATORS@HTB.LOCAL","PrincipalType":"group","RightName":"ExtendedRight","AceType":"All"},{"PrincipalName":"ANONYMOUS@HTB.LOCAL","PrincipalType":"group","RightName":"GenericWrite","AceType":""}],"AllowedToDelegate":[],"SPNTargets":[]},{"Properties":{"domain":"HTB.LOCAL","objectsid":"S-1-5-21-3072663084-364016917-1341370565-1124","highvalue":false,"enabled":false,"lastlogon":0,"lastlogontimestamp":-1,"pwdlastset":0,"serviceprincipalnames":[],"hasspn":false,"displayname":"Microsoft Exchange Approval Assistant","email":"SystemMailbox{1f05a927-89c0-4725-adca-4527114196a1}@htb.local","title":null,"homedirectory":null,"description":null,"userpassword":null,"sensitive":false,"dontreqpreauth":false,"passwordnotreqd":false,"unconstraineddelegation":false,"admincount":false},"Name":"SM_2C8EEF0A09B545ACB@HTB.LOCAL","PrimaryGroup":"DOMAIN USERS@HTB.LOCAL","Aces":[{"PrincipalName":"DOMAIN ADMINS@HTB.LOCAL","PrincipalType":"group","RightName":"Owner","AceType":""},{"PrincipalName":"ACCOUNT OPERATORS@HTB.LOCAL","PrincipalType":"group","RightName":"GenericAll","AceType":""},{"PrincipalName":"DOMAIN ADMINS@HTB.LOCAL","PrincipalType":"group","RightName":"GenericAll","AceType":""},{"PrincipalName":"ORGANIZATION MANAGEMENT@HTB.LOCAL","PrincipalType":"group","RightName":"GenericAll","AceType":""},{"PrincipalName":"EXCHANGE WINDOWS PERMISSIONS@HTB.LOCAL","PrincipalType":"group","RightName":"ExtendedRight","AceType":"User-Force-Change-Password"},{"PrincipalName":"EXCHANGE WINDOWS PERMISSIONS@HTB.LOCAL","PrincipalType":"group","RightName":"WriteDacl","AceType":""},{"PrincipalName":"ENTERPRISE ADMINS@HTB.LOCAL","PrincipalType":"group","RightName":"GenericAll","AceType":""},{"PrincipalName":"ADMINISTRATORS@HTB.LOCAL","PrincipalType":"group","RightName":"GenericWrite","AceType":""},{"PrincipalName":"ADMINISTRATORS@HTB.LOCAL","PrincipalType":"group","RightName":"WriteDacl","AceType":""},{"PrincipalName":"ADMINISTRATORS@HTB.LOCAL","PrincipalType":"group","RightName":"WriteOwner","AceType":""},{"PrincipalName":"ADMINISTRATORS@HTB.LOCAL","PrincipalType":"group","RightName":"ExtendedRight","AceType":"All"},{"PrincipalName":"ANONYMOUS@HTB.LOCAL","PrincipalType":"group","RightName":"GenericWrite","AceType":""}],"AllowedToDelegate":[],"SPNTargets":[]},{"Properties":{"domain":"HTB.LOCAL","objectsid":"S-1-5-21-3072663084-364016917-1341370565-1131","highvalue":false,"enabled":false,"lastlogon":0,"lastlogontimestamp":-1,"pwdlastset":0,"serviceprincipalnames":[],"hasspn":false,"displayname":"Microsoft Exchange","email":"SystemMailbox{2CE34405-31BE-455D-89D7-A7C7DA7A0DAA}@htb.local","title":null,"homedirectory":null,"description":null,"userpassword":null,"sensitive":false,"dontreqpreauth":false,"passwordnotreqd":false,"unconstraineddelegation":false,"admincount":false},"Name":"SM_C75EE099D0A64C91B@HTB.LOCAL","PrimaryGroup":"DOMAIN USERS@HTB.LOCAL","Aces":[{"PrincipalName":"DOMAIN ADMINS@HTB.LOCAL","PrincipalType":"group","RightName":"Owner","AceType":""},{"PrincipalName":"ACCOUNT OPERATORS@HTB.LOCAL","PrincipalType":"group","RightName":"GenericAll","AceType":""},{"PrincipalName":"DOMAIN ADMINS@HTB.LOCAL","PrincipalType":"group","RightName":"GenericAll","AceType":""},{"PrincipalName":"ORGANIZATION MANAGEMENT@HTB.LOCAL","PrincipalType":"group","RightName":"GenericAll","AceType":""},{"PrincipalName":"EXCHANGE WINDOWS PERMISSIONS@HTB.LOCAL","PrincipalType":"group","RightName":"ExtendedRight","AceType":"User-Force-Change-Password"},{"PrincipalName":"EXCHANGE WINDOWS PERMISSIONS@HTB.LOCAL","PrincipalType":"group","RightName":"WriteDacl","AceType":""},{"PrincipalName":"ENTERPRISE ADMINS@HTB.LOCAL","PrincipalType":"group","RightName":"GenericAll","AceType":""},{"PrincipalName":"ADMINISTRATORS@HTB.LOCAL","PrincipalType":"group","RightName":"GenericWrite","AceType":""},{"PrincipalName":"ADMINISTRATORS@HTB.LOCAL","PrincipalType":"group","RightName":"WriteDacl","AceType":""},{"PrincipalName":"ADMINISTRATORS@HTB.LOCAL","PrincipalType":"group","RightName":"WriteOwner","AceType":""},{"PrincipalName":"ADMINISTRATORS@HTB.LOCAL","PrincipalType":"group","RightName":"ExtendedRight","AceType":"All"},{"PrincipalName":"ANONYMOUS@HTB.LOCAL","PrincipalType":"group","RightName":"GenericWrite","AceType":""}],"AllowedToDelegate":[],"SPNTargets":[]},{"Properties":{"domain":"HTB.LOCAL","objectsid":"S-1-5-21-3072663084-364016917-1341370565-1127","highvalue":false,"enabled":false,"lastlogon":0,"lastlogontimestamp":-1,"pwdlastset":0,"serviceprincipalnames":[],"hasspn":false,"displayname":"Discovery Search Mailbox","email":"DiscoverySearchMailbox{D919BA05-46A6-415f-80AD-7E09334BB852}@htb.local","title":null,"homedirectory":null,"description":null,"userpassword":null,"sensitive":false,"dontreqpreauth":false,"passwordnotreqd":false,"unconstraineddelegation":false,"admincount":false},"Name":"SM_681F53D4942840E18@HTB.LOCAL","PrimaryGroup":"DOMAIN USERS@HTB.LOCAL","Aces":[{"PrincipalName":"DOMAIN ADMINS@HTB.LOCAL","PrincipalType":"group","RightName":"Owner","AceType":""},{"PrincipalName":"ACCOUNT OPERATORS@HTB.LOCAL","PrincipalType":"group","RightName":"GenericAll","AceType":""},{"PrincipalName":"DOMAIN ADMINS@HTB.LOCAL","PrincipalType":"group","RightName":"GenericAll","AceType":""},{"PrincipalName":"ORGANIZATION MANAGEMENT@HTB.LOCAL","PrincipalType":"group","RightName":"GenericAll","AceType":""},{"PrincipalName":"EXCHANGE WINDOWS PERMISSIONS@HTB.LOCAL","PrincipalType":"group","RightName":"ExtendedRight","AceType":"User-Force-Change-Password"},{"PrincipalName":"EXCHANGE WINDOWS PERMISSIONS@HTB.LOCAL","PrincipalType":"group","RightName":"WriteDacl","AceType":""},{"PrincipalName":"ENTERPRISE ADMINS@HTB.LOCAL","PrincipalType":"group","RightName":"GenericAll","AceType":""},{"PrincipalName":"ADMINISTRATORS@HTB.LOCAL","PrincipalType":"group","RightName":"GenericWrite","AceType":""},{"PrincipalName":"ADMINISTRATORS@HTB.LOCAL","PrincipalType":"group","RightName":"WriteDacl","AceType":""},{"PrincipalName":"ADMINISTRATORS@HTB.LOCAL","PrincipalType":"group","RightName":"WriteOwner","AceType":""},{"PrincipalName":"ADMINISTRATORS@HTB.LOCAL","PrincipalType":"group","RightName":"ExtendedRight","AceType":"All"},{"PrincipalName":"ANONYMOUS@HTB.LOCAL","PrincipalType":"group","RightName":"GenericWrite","AceType":""}],"AllowedToDelegate":[],"SPNTargets":[]},{"Properties":{"domain":"HTB.LOCAL","objectsid":"S-1-5-21-3072663084-364016917-1341370565-1126","highvalue":false,"enabled":false,"lastlogon":0,"lastlogontimestamp":-1,"pwdlastset":0,"serviceprincipalnames":[],"hasspn":false,"displayname":"Microsoft Exchange","email":"SystemMailbox{e0dc1c29-89c3-4034-b678-e6c29d823ed9}@htb.local","title":null,"homedirectory":null,"description":null,"userpassword":null,"sensitive":false,"dontreqpreauth":false,"passwordnotreqd":false,"unconstraineddelegation":false,"admincount":false},"Name":"SM_75A538D3025E4DB9A@HTB.LOCAL","PrimaryGroup":"DOMAIN USERS@HTB.LOCAL","Aces":[{"PrincipalName":"DOMAIN ADMINS@HTB.LOCAL","PrincipalType":"group","RightName":"Owner","AceType":""},{"PrincipalName":"ACCOUNT OPERATORS@HTB.LOCAL","PrincipalType":"group","RightName":"GenericAll","AceType":""},{"PrincipalName":"DOMAIN ADMINS@HTB.LOCAL","PrincipalType":"group","RightName":"GenericAll","AceType":""},{"PrincipalName":"ORGANIZATION MANAGEMENT@HTB.LOCAL","PrincipalType":"group","RightName":"GenericAll","AceType":""},{"PrincipalName":"EXCHANGE WINDOWS PERMISSIONS@HTB.LOCAL","PrincipalType":"group","RightName":"ExtendedRight","AceType":"User-Force-Change-Password"},{"PrincipalName":"EXCHANGE WINDOWS PERMISSIONS@HTB.LOCAL","PrincipalType":"group","RightName":"WriteDacl","AceType":""},{"PrincipalName":"ENTERPRISE ADMINS@HTB.LOCAL","PrincipalType":"group","RightName":"GenericAll","AceType":""},{"PrincipalName":"ADMINISTRATORS@HTB.LOCAL","PrincipalType":"group","RightName":"GenericWrite","AceType":""},{"PrincipalName":"ADMINISTRATORS@HTB.LOCAL","PrincipalType":"group","RightName":"WriteDacl","AceType":""},{"PrincipalName":"ADMINISTRATORS@HTB.LOCAL","PrincipalType":"group","RightName":"WriteOwner","AceType":""},{"PrincipalName":"ADMINISTRATORS@HTB.LOCAL","PrincipalType":"group","RightName":"ExtendedRight","AceType":"All"},{"PrincipalName":"ANONYMOUS@HTB.LOCAL","PrincipalType":"group","RightName":"GenericWrite","AceType":""}],"AllowedToDelegate":[],"SPNTargets":[]},{"Properties":{"domain":"HTB.LOCAL","objectsid":"S-1-5-21-3072663084-364016917-1341370565-1125","highvalue":false,"enabled":false,"lastlogon":0,"lastlogontimestamp":-1,"pwdlastset":0,"serviceprincipalnames":[],"hasspn":false,"displayname":"Microsoft Exchange","email":"SystemMailbox{bb558c35-97f1-4cb9-8ff7-d53741dc928c}@htb.local","title":null,"homedirectory":null,"description":null,"userpassword":null,"sensitive":false,"dontreqpreauth":false,"passwordnotreqd":false,"unconstraineddelegation":false,"admincount":false},"Name":"SM_CA8C2ED5BDAB4DC9B@HTB.LOCAL","PrimaryGroup":"DOMAIN USERS@HTB.LOCAL","Aces":[{"PrincipalName":"DOMAIN ADMINS@HTB.LOCAL","PrincipalType":"group","RightName":"Owner","AceType":""},{"PrincipalName":"ACCOUNT OPERATORS@HTB.LOCAL","PrincipalType":"group","RightName":"GenericAll","AceType":""},{"PrincipalName":"DOMAIN ADMINS@HTB.LOCAL","PrincipalType":"group","RightName":"GenericAll","AceType":""},{"PrincipalName":"ORGANIZATION MANAGEMENT@HTB.LOCAL","PrincipalType":"group","RightName":"GenericAll","AceType":""},{"PrincipalName":"EXCHANGE WINDOWS PERMISSIONS@HTB.LOCAL","PrincipalType":"group","RightName":"ExtendedRight","AceType":"User-Force-Change-Password"},{"PrincipalName":"EXCHANGE WINDOWS PERMISSIONS@HTB.LOCAL","PrincipalType":"group","RightName":"WriteDacl","AceType":""},{"PrincipalName":"ENTERPRISE ADMINS@HTB.LOCAL","PrincipalType":"group","RightName":"GenericAll","AceType":""},{"PrincipalName":"ADMINISTRATORS@HTB.LOCAL","PrincipalType":"group","RightName":"GenericWrite","AceType":""},{"PrincipalName":"ADMINISTRATORS@HTB.LOCAL","PrincipalType":"group","RightName":"WriteDacl","AceType":""},{"PrincipalName":"ADMINISTRATORS@HTB.LOCAL","PrincipalType":"group","RightName":"WriteOwner","AceType":""},{"PrincipalName":"ADMINISTRATORS@HTB.LOCAL","PrincipalType":"group","RightName":"ExtendedRight","AceType":"All"},{"PrincipalName":"ANONYMOUS@HTB.LOCAL","PrincipalType":"group","RightName":"GenericWrite","AceType":""}],"AllowedToDelegate":[],"SPNTargets":[]},{"Properties":{"domain":"HTB.LOCAL","objectsid":"S-1-5-21-3072663084-364016917-1341370565-1136","highvalue":false,"enabled":true,"lastlogon":0,"lastlogontimestamp":-1,"pwdlastset":1568894195,"serviceprincipalnames":[],"hasspn":false,"displayname":"HealthMailbox-EXCH01-002","email":"HealthMailboxc0a90c97d4994429b15003d6a518f3f5@htb.local","title":null,"homedirectory":null,"description":null,"userpassword":null,"sensitive":false,"dontreqpreauth":false,"passwordnotreqd":false,"unconstraineddelegation":false,"admincount":false},"Name":"HEALTHMAILBOXC0A90C9@HTB.LOCAL","PrimaryGroup":"DOMAIN USERS@HTB.LOCAL","Aces":[{"PrincipalName":"EXCH01.HTB.LOCAL","PrincipalType":"computer","RightName":"Owner","AceType":""},{"PrincipalName":"ACCOUNT OPERATORS@HTB.LOCAL","PrincipalType":"group","RightName":"GenericAll","AceType":""},{"PrincipalName":"DOMAIN ADMINS@HTB.LOCAL","PrincipalType":"group","RightName":"GenericAll","AceType":""},{"PrincipalName":"EXCHANGE SERVERS@HTB.LOCAL","PrincipalType":"group","RightName":"ExtendedRight","AceType":"User-Force-Change-Password"},{"PrincipalName":"ORGANIZATION MANAGEMENT@HTB.LOCAL","PrincipalType":"group","RightName":"GenericWrite","AceType":""},{"PrincipalName":"EXCHANGE SERVERS@HTB.LOCAL","PrincipalType":"group","RightName":"GenericWrite","AceType":""},{"PrincipalName":"EXCHANGE WINDOWS PERMISSIONS@HTB.LOCAL","PrincipalType":"group","RightName":"ExtendedRight","AceType":"User-Force-Change-Password"},{"PrincipalName":"EXCHANGE WINDOWS PERMISSIONS@HTB.LOCAL","PrincipalType":"group","RightName":"WriteDacl","AceType":""},{"PrincipalName":"ENTERPRISE ADMINS@HTB.LOCAL","PrincipalType":"group","RightName":"GenericAll","AceType":""},{"PrincipalName":"ADMINISTRATORS@HTB.LOCAL","PrincipalType":"group","RightName":"GenericWrite","AceType":""},{"PrincipalName":"ADMINISTRATORS@HTB.LOCAL","PrincipalType":"group","RightName":"WriteDacl","AceType":""},{"PrincipalName":"ADMINISTRATORS@HTB.LOCAL","PrincipalType":"group","RightName":"WriteOwner","AceType":""},{"PrincipalName":"ADMINISTRATORS@HTB.LOCAL","PrincipalType":"group","RightName":"ExtendedRight","AceType":"All"},{"PrincipalName":"ANONYMOUS@HTB.LOCAL","PrincipalType":"group","RightName":"GenericWrite","AceType":""}],"AllowedToDelegate":[],"SPNTargets":[]},{"Properties":{"domain":"HTB.LOCAL","objectsid":"S-1-5-21-3072663084-364016917-1341370565-1132","highvalue":false,"enabled":false,"lastlogon":0,"lastlogontimestamp":-1,"pwdlastset":0,"serviceprincipalnames":[],"hasspn":false,"displayname":"SystemMailbox{8cc370d3-822a-4ab8-a926-bb94bd0641a9}","email":"SystemMailbox{8cc370d3-822a-4ab8-a926-bb94bd0641a9}@htb.local","title":null,"homedirectory":null,"description":null,"userpassword":null,"sensitive":false,"dontreqpreauth":false,"passwordnotreqd":false,"unconstraineddelegation":false,"admincount":false},"Name":"SM_1FFAB36A2F5F479CB@HTB.LOCAL","PrimaryGroup":"DOMAIN USERS@HTB.LOCAL","Aces":[{"PrincipalName":"DOMAIN ADMINS@HTB.LOCAL","PrincipalType":"group","RightName":"Owner","AceType":""},{"PrincipalName":"ACCOUNT OPERATORS@HTB.LOCAL","PrincipalType":"group","RightName":"GenericAll","AceType":""},{"PrincipalName":"DOMAIN ADMINS@HTB.LOCAL","PrincipalType":"group","RightName":"GenericAll","AceType":""},{"PrincipalName":"ORGANIZATION MANAGEMENT@HTB.LOCAL","PrincipalType":"group","RightName":"GenericAll","AceType":""},{"PrincipalName":"EXCHANGE WINDOWS PERMISSIONS@HTB.LOCAL","PrincipalType":"group","RightName":"ExtendedRight","AceType":"User-Force-Change-Password"},{"PrincipalName":"EXCHANGE WINDOWS PERMISSIONS@HTB.LOCAL","PrincipalType":"group","RightName":"WriteDacl","AceType":""},{"PrincipalName":"ENTERPRISE ADMINS@HTB.LOCAL","PrincipalType":"group","RightName":"GenericAll","AceType":""},{"PrincipalName":"ADMINISTRATORS@HTB.LOCAL","PrincipalType":"group","RightName":"GenericWrite","AceType":""},{"PrincipalName":"ADMINISTRATORS@HTB.LOCAL","PrincipalType":"group","RightName":"WriteDacl","AceType":""},{"PrincipalName":"ADMINISTRATORS@HTB.LOCAL","PrincipalType":"group","RightName":"WriteOwner","AceType":""},{"PrincipalName":"ADMINISTRATORS@HTB.LOCAL","PrincipalType":"group","RightName":"ExtendedRight","AceType":"All"},{"PrincipalName":"ANONYMOUS@HTB.LOCAL","PrincipalType":"group","RightName":"GenericWrite","AceType":""}],"AllowedToDelegate":[],"SPNTargets":[]},{"Properties":{"domain":"HTB.LOCAL","objectsid":"S-1-5-21-3072663084-364016917-1341370565-1140","highvalue":false,"enabled":true,"lastlogon":0,"lastlogontimestamp":-1,"pwdlastset":1568894237,"serviceprincipalnames":[],"hasspn":false,"displayname":"HealthMailbox-EXCH01-006","email":"HealthMailbox83d6781be36b4bbf8893b03c2ee379ab@htb.local","title":null,"homedirectory":null,"description":null,"userpassword":null,"sensitive":false,"dontreqpreauth":false,"passwordnotreqd":false,"unconstraineddelegation":false,"admincount":false},"Name":"HEALTHMAILBOX83D6781@HTB.LOCAL","PrimaryGroup":"DOMAIN USERS@HTB.LOCAL","Aces":[{"PrincipalName":"EXCH01.HTB.LOCAL","PrincipalType":"computer","RightName":"Owner","AceType":""},{"PrincipalName":"ACCOUNT OPERATORS@HTB.LOCAL","PrincipalType":"group","RightName":"GenericAll","AceType":""},{"PrincipalName":"DOMAIN ADMINS@HTB.LOCAL","PrincipalType":"group","RightName":"GenericAll","AceType":""},{"PrincipalName":"EXCHANGE SERVERS@HTB.LOCAL","PrincipalType":"group","RightName":"ExtendedRight","AceType":"User-Force-Change-Password"},{"PrincipalName":"ORGANIZATION MANAGEMENT@HTB.LOCAL","PrincipalType":"group","RightName":"GenericWrite","AceType":""},{"PrincipalName":"EXCHANGE SERVERS@HTB.LOCAL","PrincipalType":"group","RightName":"GenericWrite","AceType":""},{"PrincipalName":"EXCHANGE WINDOWS PERMISSIONS@HTB.LOCAL","PrincipalType":"group","RightName":"ExtendedRight","AceType":"User-Force-Change-Password"},{"PrincipalName":"EXCHANGE WINDOWS PERMISSIONS@HTB.LOCAL","PrincipalType":"group","RightName":"WriteDacl","AceType":""},{"PrincipalName":"ENTERPRISE ADMINS@HTB.LOCAL","PrincipalType":"group","RightName":"GenericAll","AceType":""},{"PrincipalName":"ADMINISTRATORS@HTB.LOCAL","PrincipalType":"group","RightName":"GenericWrite","AceType":""},{"PrincipalName":"ADMINISTRATORS@HTB.LOCAL","PrincipalType":"group","RightName":"WriteDacl","AceType":""},{"PrincipalName":"ADMINISTRATORS@HTB.LOCAL","PrincipalType":"group","RightName":"WriteOwner","AceType":""},{"PrincipalName":"ADMINISTRATORS@HTB.LOCAL","PrincipalType":"group","RightName":"ExtendedRight","AceType":"All"},{"PrincipalName":"ANONYMOUS@HTB.LOCAL","PrincipalType":"group","RightName":"GenericWrite","AceType":""}],"AllowedToDelegate":[],"SPNTargets":[]},{"Properties":{"domain":"HTB.LOCAL","objectsid":"S-1-5-21-3072663084-364016917-1341370565-1135","highvalue":false,"enabled":true,"lastlogon":1569279125,"lastlogontimestamp":1568894314,"pwdlastset":1569279095,"serviceprincipalnames":[],"hasspn":false,"displayname":"HealthMailbox-EXCH01-001","email":"HealthMailboxfc9daad117b84fe08b081886bd8a5a50@htb.local","title":null,"homedirectory":null,"description":null,"userpassword":null,"sensitive":false,"dontreqpreauth":false,"passwordnotreqd":false,"unconstraineddelegation":false,"admincount":false},"Name":"HEALTHMAILBOXFC9DAAD@HTB.LOCAL","PrimaryGroup":"DOMAIN USERS@HTB.LOCAL","Aces":[{"PrincipalName":"EXCH01.HTB.LOCAL","PrincipalType":"computer","RightName":"Owner","AceType":""},{"PrincipalName":"ACCOUNT OPERATORS@HTB.LOCAL","PrincipalType":"group","RightName":"GenericAll","AceType":""},{"PrincipalName":"DOMAIN ADMINS@HTB.LOCAL","PrincipalType":"group","RightName":"GenericAll","AceType":""},{"PrincipalName":"EXCHANGE SERVERS@HTB.LOCAL","PrincipalType":"group","RightName":"ExtendedRight","AceType":"User-Force-Change-Password"},{"PrincipalName":"ORGANIZATION MANAGEMENT@HTB.LOCAL","PrincipalType":"group","RightName":"GenericWrite","AceType":""},{"PrincipalName":"EXCHANGE SERVERS@HTB.LOCAL","PrincipalType":"group","RightName":"GenericWrite","AceType":""},{"PrincipalName":"EXCHANGE WINDOWS PERMISSIONS@HTB.LOCAL","PrincipalType":"group","RightName":"ExtendedRight","AceType":"User-Force-Change-Password"},{"PrincipalName":"EXCHANGE WINDOWS PERMISSIONS@HTB.LOCAL","PrincipalType":"group","RightName":"WriteDacl","AceType":""},{"PrincipalName":"ENTERPRISE ADMINS@HTB.LOCAL","PrincipalType":"group","RightName":"GenericAll","AceType":""},{"PrincipalName":"ADMINISTRATORS@HTB.LOCAL","PrincipalType":"group","RightName":"GenericWrite","AceType":""},{"PrincipalName":"ADMINISTRATORS@HTB.LOCAL","PrincipalType":"group","RightName":"WriteDacl","AceType":""},{"PrincipalName":"ADMINISTRATORS@HTB.LOCAL","PrincipalType":"group","RightName":"WriteOwner","AceType":""},{"PrincipalName":"ADMINISTRATORS@HTB.LOCAL","PrincipalType":"group","RightName":"ExtendedRight","AceType":"All"},{"PrincipalName":"ANONYMOUS@HTB.LOCAL","PrincipalType":"group","RightName":"GenericWrite","AceType":""}],"AllowedToDelegate":[],"SPNTargets":[]},{"Properties":{"domain":"HTB.LOCAL","objectsid":"S-1-5-21-3072663084-364016917-1341370565-1142","highvalue":false,"enabled":true,"lastlogon":0,"lastlogontimestamp":-1,"pwdlastset":1568894257,"serviceprincipalnames":[],"hasspn":false,"displayname":"HealthMailbox-EXCH01-008","email":"HealthMailboxb01ac647a64648d2a5fa21df27058a24@htb.local","title":null,"homedirectory":null,"description":null,"userpassword":null,"sensitive":false,"dontreqpreauth":false,"passwordnotreqd":false,"unconstraineddelegation":false,"admincount":false},"Name":"HEALTHMAILBOXB01AC64@HTB.LOCAL","PrimaryGroup":"DOMAIN USERS@HTB.LOCAL","Aces":[{"PrincipalName":"EXCH01.HTB.LOCAL","PrincipalType":"computer","RightName":"Owner","AceType":""},{"PrincipalName":"ACCOUNT OPERATORS@HTB.LOCAL","PrincipalType":"group","RightName":"GenericAll","AceType":""},{"PrincipalName":"DOMAIN ADMINS@HTB.LOCAL","PrincipalType":"group","RightName":"GenericAll","AceType":""},{"PrincipalName":"EXCHANGE SERVERS@HTB.LOCAL","PrincipalType":"group","RightName":"ExtendedRight","AceType":"User-Force-Change-Password"},{"PrincipalName":"ORGANIZATION MANAGEMENT@HTB.LOCAL","PrincipalType":"group","RightName":"GenericWrite","AceType":""},{"PrincipalName":"EXCHANGE SERVERS@HTB.LOCAL","PrincipalType":"group","RightName":"GenericWrite","AceType":""},{"PrincipalName":"EXCHANGE WINDOWS PERMISSIONS@HTB.LOCAL","PrincipalType":"group","RightName":"ExtendedRight","AceType":"User-Force-Change-Password"},{"PrincipalName":"EXCHANGE WINDOWS PERMISSIONS@HTB.LOCAL","PrincipalType":"group","RightName":"WriteDacl","AceType":""},{"PrincipalName":"ENTERPRISE ADMINS@HTB.LOCAL","PrincipalType":"group","RightName":"GenericAll","AceType":""},{"PrincipalName":"ADMINISTRATORS@HTB.LOCAL","PrincipalType":"group","RightName":"GenericWrite","AceType":""},{"PrincipalName":"ADMINISTRATORS@HTB.LOCAL","PrincipalType":"group","RightName":"WriteDacl","AceType":""},{"PrincipalName":"ADMINISTRATORS@HTB.LOCAL","PrincipalType":"group","RightName":"WriteOwner","AceType":""},{"PrincipalName":"ADMINISTRATORS@HTB.LOCAL","PrincipalType":"group","RightName":"ExtendedRight","AceType":"All"},{"PrincipalName":"ANONYMOUS@HTB.LOCAL","PrincipalType":"group","RightName":"GenericWrite","AceType":""}],"AllowedToDelegate":[],"SPNTargets":[]},{"Properties":{"domain":"HTB.LOCAL","objectsid":"S-1-5-21-3072663084-364016917-1341370565-1138","highvalue":false,"enabled":true,"lastlogon":0,"lastlogontimestamp":-1,"pwdlastset":1568894216,"serviceprincipalnames":[],"hasspn":false,"displayname":"HealthMailbox-EXCH01-004","email":"HealthMailbox968e74dd3edb414cb4018376e7dd95ba@htb.local","title":null,"homedirectory":null,"description":null,"userpassword":null,"sensitive":false,"dontreqpreauth":false,"passwordnotreqd":false,"unconstraineddelegation":false,"admincount":false},"Name":"HEALTHMAILBOX968E74D@HTB.LOCAL","PrimaryGroup":"DOMAIN USERS@HTB.LOCAL","Aces":[{"PrincipalName":"EXCH01.HTB.LOCAL","PrincipalType":"computer","RightName":"Owner","AceType":""},{"PrincipalName":"ACCOUNT OPERATORS@HTB.LOCAL","PrincipalType":"group","RightName":"GenericAll","AceType":""},{"PrincipalName":"DOMAIN ADMINS@HTB.LOCAL","PrincipalType":"group","RightName":"GenericAll","AceType":""},{"PrincipalName":"EXCHANGE SERVERS@HTB.LOCAL","PrincipalType":"group","RightName":"ExtendedRight","AceType":"User-Force-Change-Password"},{"PrincipalName":"ORGANIZATION MANAGEMENT@HTB.LOCAL","PrincipalType":"group","RightName":"GenericWrite","AceType":""},{"PrincipalName":"EXCHANGE SERVERS@HTB.LOCAL","PrincipalType":"group","RightName":"GenericWrite","AceType":""},{"PrincipalName":"EXCHANGE WINDOWS PERMISSIONS@HTB.LOCAL","PrincipalType":"group","RightName":"ExtendedRight","AceType":"User-Force-Change-Password"},{"PrincipalName":"EXCHANGE WINDOWS PERMISSIONS@HTB.LOCAL","PrincipalType":"group","RightName":"WriteDacl","AceType":""},{"PrincipalName":"ENTERPRISE ADMINS@HTB.LOCAL","PrincipalType":"group","RightName":"GenericAll","AceType":""},{"PrincipalName":"ADMINISTRATORS@HTB.LOCAL","PrincipalType":"group","RightName":"GenericWrite","AceType":""},{"PrincipalName":"ADMINISTRATORS@HTB.LOCAL","PrincipalType":"group","RightName":"WriteDacl","AceType":""},{"PrincipalName":"ADMINISTRATORS@HTB.LOCAL","PrincipalType":"group","RightName":"WriteOwner","AceType":""},{"PrincipalName":"ADMINISTRATORS@HTB.LOCAL","PrincipalType":"group","RightName":"ExtendedRight","AceType":"All"},{"PrincipalName":"ANONYMOUS@HTB.LOCAL","PrincipalType":"group","RightName":"GenericWrite","AceType":""}],"AllowedToDelegate":[],"SPNTargets":[]},{"Properties":{"domain":"HTB.LOCAL","objectsid":"S-1-5-21-3072663084-364016917-1341370565-1137","highvalue":false,"enabled":true,"lastlogon":0,"lastlogontimestamp":-1,"pwdlastset":1568894205,"serviceprincipalnames":[],"hasspn":false,"displayname":"HealthMailbox-EXCH01-003","email":"HealthMailbox670628ec4dd64321acfdf6e67db3a2d8@htb.local","title":null,"homedirectory":null,"description":null,"userpassword":null,"sensitive":false,"dontreqpreauth":false,"passwordnotreqd":false,"unconstraineddelegation":false,"admincount":false},"Name":"HEALTHMAILBOX670628E@HTB.LOCAL","PrimaryGroup":"DOMAIN USERS@HTB.LOCAL","Aces":[{"PrincipalName":"EXCH01.HTB.LOCAL","PrincipalType":"computer","RightName":"Owner","AceType":""},{"PrincipalName":"ACCOUNT OPERATORS@HTB.LOCAL","PrincipalType":"group","RightName":"GenericAll","AceType":""},{"PrincipalName":"DOMAIN ADMINS@HTB.LOCAL","PrincipalType":"group","RightName":"GenericAll","AceType":""},{"PrincipalName":"EXCHANGE SERVERS@HTB.LOCAL","PrincipalType":"group","RightName":"ExtendedRight","AceType":"User-Force-Change-Password"},{"PrincipalName":"ORGANIZATION MANAGEMENT@HTB.LOCAL","PrincipalType":"group","RightName":"GenericWrite","AceType":""},{"PrincipalName":"EXCHANGE SERVERS@HTB.LOCAL","PrincipalType":"group","RightName":"GenericWrite","AceType":""},{"PrincipalName":"EXCHANGE WINDOWS PERMISSIONS@HTB.LOCAL","PrincipalType":"group","RightName":"ExtendedRight","AceType":"User-Force-Change-Password"},{"PrincipalName":"EXCHANGE WINDOWS PERMISSIONS@HTB.LOCAL","PrincipalType":"group","RightName":"WriteDacl","AceType":""},{"PrincipalName":"ENTERPRISE ADMINS@HTB.LOCAL","PrincipalType":"group","RightName":"GenericAll","AceType":""},{"PrincipalName":"ADMINISTRATORS@HTB.LOCAL","PrincipalType":"group","RightName":"GenericWrite","AceType":""},{"PrincipalName":"ADMINISTRATORS@HTB.LOCAL","PrincipalType":"group","RightName":"WriteDacl","AceType":""},{"PrincipalName":"ADMINISTRATORS@HTB.LOCAL","PrincipalType":"group","RightName":"WriteOwner","AceType":""},{"PrincipalName":"ADMINISTRATORS@HTB.LOCAL","PrincipalType":"group","RightName":"ExtendedRight","AceType":"All"},{"PrincipalName":"ANONYMOUS@HTB.LOCAL","PrincipalType":"group","RightName":"GenericWrite","AceType":""}],"AllowedToDelegate":[],"SPNTargets":[]},{"Properties":{"domain":"HTB.LOCAL","objectsid":"S-1-5-21-3072663084-364016917-1341370565-1141","highvalue":false,"enabled":true,"lastlogon":0,"lastlogontimestamp":-1,"pwdlastset":1568894247,"serviceprincipalnames":[],"hasspn":false,"displayname":"HealthMailbox-EXCH01-007","email":"HealthMailboxfd87238e536e49e08738480d300e3772@htb.local","title":null,"homedirectory":null,"description":null,"userpassword":null,"sensitive":false,"dontreqpreauth":false,"passwordnotreqd":false,"unconstraineddelegation":false,"admincount":false},"Name":"HEALTHMAILBOXFD87238@HTB.LOCAL","PrimaryGroup":"DOMAIN USERS@HTB.LOCAL","Aces":[{"PrincipalName":"EXCH01.HTB.LOCAL","PrincipalType":"computer","RightName":"Owner","AceType":""},{"PrincipalName":"ACCOUNT OPERATORS@HTB.LOCAL","PrincipalType":"group","RightName":"GenericAll","AceType":""},{"PrincipalName":"DOMAIN ADMINS@HTB.LOCAL","PrincipalType":"group","RightName":"GenericAll","AceType":""},{"PrincipalName":"EXCHANGE SERVERS@HTB.LOCAL","PrincipalType":"group","RightName":"ExtendedRight","AceType":"User-Force-Change-Password"},{"PrincipalName":"ORGANIZATION MANAGEMENT@HTB.LOCAL","PrincipalType":"group","RightName":"GenericWrite","AceType":""},{"PrincipalName":"EXCHANGE SERVERS@HTB.LOCAL","PrincipalType":"group","RightName":"GenericWrite","AceType":""},{"PrincipalName":"EXCHANGE WINDOWS PERMISSIONS@HTB.LOCAL","PrincipalType":"group","RightName":"ExtendedRight","AceType":"User-Force-Change-Password"},{"PrincipalName":"EXCHANGE WINDOWS PERMISSIONS@HTB.LOCAL","PrincipalType":"group","RightName":"WriteDacl","AceType":""},{"PrincipalName":"ENTERPRISE ADMINS@HTB.LOCAL","PrincipalType":"group","RightName":"GenericAll","AceType":""},{"PrincipalName":"ADMINISTRATORS@HTB.LOCAL","PrincipalType":"group","RightName":"GenericWrite","AceType":""},{"PrincipalName":"ADMINISTRATORS@HTB.LOCAL","PrincipalType":"group","RightName":"WriteDacl","AceType":""},{"PrincipalName":"ADMINISTRATORS@HTB.LOCAL","PrincipalType":"group","RightName":"WriteOwner","AceType":""},{"PrincipalName":"ADMINISTRATORS@HTB.LOCAL","PrincipalType":"group","RightName":"ExtendedRight","AceType":"All"},{"PrincipalName":"ANONYMOUS@HTB.LOCAL","PrincipalType":"group","RightName":"GenericWrite","AceType":""}],"AllowedToDelegate":[],"SPNTargets":[]},{"Properties":{"domain":"HTB.LOCAL","objectsid":"S-1-5-21-3072663084-364016917-1341370565-1144","highvalue":false,"enabled":true,"lastlogon":0,"lastlogontimestamp":-1,"pwdlastset":1568894278,"serviceprincipalnames":[],"hasspn":false,"displayname":"HealthMailbox-EXCH01-010","email":"HealthMailbox0659cc188f4c4f9f978f6c2142c4181e@htb.local","title":null,"homedirectory":null,"description":null,"userpassword":null,"sensitive":false,"dontreqpreauth":false,"passwordnotreqd":false,"unconstraineddelegation":false,"admincount":false},"Name":"HEALTHMAILBOX0659CC1@HTB.LOCAL","PrimaryGroup":"DOMAIN USERS@HTB.LOCAL","Aces":[{"PrincipalName":"EXCH01.HTB.LOCAL","PrincipalType":"computer","RightName":"Owner","AceType":""},{"PrincipalName":"ACCOUNT OPERATORS@HTB.LOCAL","PrincipalType":"group","RightName":"GenericAll","AceType":""},{"PrincipalName":"DOMAIN ADMINS@HTB.LOCAL","PrincipalType":"group","RightName":"GenericAll","AceType":""},{"PrincipalName":"EXCHANGE SERVERS@HTB.LOCAL","PrincipalType":"group","RightName":"ExtendedRight","AceType":"User-Force-Change-Password"},{"PrincipalName":"ORGANIZATION MANAGEMENT@HTB.LOCAL","PrincipalType":"group","RightName":"GenericWrite","AceType":""},{"PrincipalName":"EXCHANGE SERVERS@HTB.LOCAL","PrincipalType":"group","RightName":"GenericWrite","AceType":""},{"PrincipalName":"EXCHANGE WINDOWS PERMISSIONS@HTB.LOCAL","PrincipalType":"group","RightName":"ExtendedRight","AceType":"User-Force-Change-Password"},{"PrincipalName":"EXCHANGE WINDOWS PERMISSIONS@HTB.LOCAL","PrincipalType":"group","RightName":"WriteDacl","AceType":""},{"PrincipalName":"ENTERPRISE ADMINS@HTB.LOCAL","PrincipalType":"group","RightName":"GenericAll","AceType":""},{"PrincipalName":"ADMINISTRATORS@HTB.LOCAL","PrincipalType":"group","RightName":"GenericWrite","AceType":""},{"PrincipalName":"ADMINISTRATORS@HTB.LOCAL","PrincipalType":"group","RightName":"WriteDacl","AceType":""},{"PrincipalName":"ADMINISTRATORS@HTB.LOCAL","PrincipalType":"group","RightName":"WriteOwner","AceType":""},{"PrincipalName":"ADMINISTRATORS@HTB.LOCAL","PrincipalType":"group","RightName":"ExtendedRight","AceType":"All"},{"PrincipalName":"ANONYMOUS@HTB.LOCAL","PrincipalType":"group","RightName":"GenericWrite","AceType":""}],"AllowedToDelegate":[],"SPNTargets":[]},{"Properties":{"domain":"HTB.LOCAL","objectsid":"S-1-5-21-3072663084-364016917-1341370565-1147","highvalue":false,"enabled":true,"lastlogon":1576956741,"lastlogontimestamp":1576953750,"pwdlastset":1576956649,"serviceprincipalnames":[],"hasspn":false,"displayname":"svc-alfresco","email":null,"title":null,"homedirectory":null,"description":null,"userpassword":null,"sensitive":false,"dontreqpreauth":true,"passwordnotreqd":false,"unconstraineddelegation":false,"admincount":true},"Name":"SVC-ALFRESCO@HTB.LOCAL","PrimaryGroup":"DOMAIN USERS@HTB.LOCAL","Aces":[{"PrincipalName":"DOMAIN ADMINS@HTB.LOCAL","PrincipalType":"group","RightName":"Owner","AceType":""},{"PrincipalName":"ADMINISTRATORS@HTB.LOCAL","PrincipalType":"group","RightName":"GenericWrite","AceType":""},{"PrincipalName":"ADMINISTRATORS@HTB.LOCAL","PrincipalType":"group","RightName":"WriteDacl","AceType":""},{"PrincipalName":"ADMINISTRATORS@HTB.LOCAL","PrincipalType":"group","RightName":"WriteOwner","AceType":""},{"PrincipalName":"ADMINISTRATORS@HTB.LOCAL","PrincipalType":"group","RightName":"ExtendedRight","AceType":"All"},{"PrincipalName":"DOMAIN ADMINS@HTB.LOCAL","PrincipalType":"group","RightName":"GenericWrite","AceType":""},{"PrincipalName":"DOMAIN ADMINS@HTB.LOCAL","PrincipalType":"group","RightName":"WriteDacl","AceType":""},{"PrincipalName":"DOMAIN ADMINS@HTB.LOCAL","PrincipalType":"group","RightName":"WriteOwner","AceType":""},{"PrincipalName":"DOMAIN ADMINS@HTB.LOCAL","PrincipalType":"group","RightName":"ExtendedRight","AceType":"All"},{"PrincipalName":"ENTERPRISE ADMINS@HTB.LOCAL","PrincipalType":"group","RightName":"GenericWrite","AceType":""},{"PrincipalName":"ENTERPRISE ADMINS@HTB.LOCAL","PrincipalType":"group","RightName":"WriteDacl","AceType":""},{"PrincipalName":"ENTERPRISE ADMINS@HTB.LOCAL","PrincipalType":"group","RightName":"WriteOwner","AceType":""},{"PrincipalName":"ENTERPRISE ADMINS@HTB.LOCAL","PrincipalType":"group","RightName":"ExtendedRight","AceType":"All"}],"AllowedToDelegate":[],"SPNTargets":[]},{"Properties":{"domain":"HTB.LOCAL","objectsid":"S-1-5-21-3072663084-364016917-1341370565-1143","highvalue":false,"enabled":true,"lastlogon":0,"lastlogontimestamp":-1,"pwdlastset":1568894268,"serviceprincipalnames":[],"hasspn":false,"displayname":"HealthMailbox-EXCH01-009","email":"HealthMailbox7108a4e350f84b32a7a90d8e718f78cf@htb.local","title":null,"homedirectory":null,"description":null,"userpassword":null,"sensitive":false,"dontreqpreauth":false,"passwordnotreqd":false,"unconstraineddelegation":false,"admincount":false},"Name":"HEALTHMAILBOX7108A4E@HTB.LOCAL","PrimaryGroup":"DOMAIN USERS@HTB.LOCAL","Aces":[{"PrincipalName":"EXCH01.HTB.LOCAL","PrincipalType":"computer","RightName":"Owner","AceType":""},{"PrincipalName":"ACCOUNT OPERATORS@HTB.LOCAL","PrincipalType":"group","RightName":"GenericAll","AceType":""},{"PrincipalName":"DOMAIN ADMINS@HTB.LOCAL","PrincipalType":"group","RightName":"GenericAll","AceType":""},{"PrincipalName":"EXCHANGE SERVERS@HTB.LOCAL","PrincipalType":"group","RightName":"ExtendedRight","AceType":"User-Force-Change-Password"},{"PrincipalName":"ORGANIZATION MANAGEMENT@HTB.LOCAL","PrincipalType":"group","RightName":"GenericWrite","AceType":""},{"PrincipalName":"EXCHANGE SERVERS@HTB.LOCAL","PrincipalType":"group","RightName":"GenericWrite","AceType":""},{"PrincipalName":"EXCHANGE WINDOWS PERMISSIONS@HTB.LOCAL","PrincipalType":"group","RightName":"ExtendedRight","AceType":"User-Force-Change-Password"},{"PrincipalName":"EXCHANGE WINDOWS PERMISSIONS@HTB.LOCAL","PrincipalType":"group","RightName":"WriteDacl","AceType":""},{"PrincipalName":"ENTERPRISE ADMINS@HTB.LOCAL","PrincipalType":"group","RightName":"GenericAll","AceType":""},{"PrincipalName":"ADMINISTRATORS@HTB.LOCAL","PrincipalType":"group","RightName":"GenericWrite","AceType":""},{"PrincipalName":"ADMINISTRATORS@HTB.LOCAL","PrincipalType":"group","RightName":"WriteDacl","AceType":""},{"PrincipalName":"ADMINISTRATORS@HTB.LOCAL","PrincipalType":"group","RightName":"WriteOwner","AceType":""},{"PrincipalName":"ADMINISTRATORS@HTB.LOCAL","PrincipalType":"group","RightName":"ExtendedRight","AceType":"All"},{"PrincipalName":"ANONYMOUS@HTB.LOCAL","PrincipalType":"group","RightName":"GenericWrite","AceType":""}],"AllowedToDelegate":[],"SPNTargets":[]},{"Properties":{"domain":"HTB.LOCAL","objectsid":"S-1-5-21-3072663084-364016917-1341370565-1150","highvalue":false,"enabled":true,"lastlogon":0,"lastlogontimestamp":-1,"pwdlastset":1569192256,"serviceprincipalnames":[],"hasspn":false,"displayname":"Andy Hislip","email":null,"title":null,"homedirectory":null,"description":null,"userpassword":null,"sensitive":false,"dontreqpreauth":false,"passwordnotreqd":false,"unconstraineddelegation":false,"admincount":false},"Name":"ANDY@HTB.LOCAL","PrimaryGroup":"DOMAIN USERS@HTB.LOCAL","Aces":[{"PrincipalName":"DOMAIN ADMINS@HTB.LOCAL","PrincipalType":"group","RightName":"Owner","AceType":""},{"PrincipalName":"ACCOUNT OPERATORS@HTB.LOCAL","PrincipalType":"group","RightName":"GenericAll","AceType":""},{"PrincipalName":"DOMAIN ADMINS@HTB.LOCAL","PrincipalType":"group","RightName":"GenericAll","AceType":""},{"PrincipalName":"EXCHANGE WINDOWS PERMISSIONS@HTB.LOCAL","PrincipalType":"group","RightName":"ExtendedRight","AceType":"User-Force-Change-Password"},{"PrincipalName":"EXCHANGE WINDOWS PERMISSIONS@HTB.LOCAL","PrincipalType":"group","RightName":"WriteDacl","AceType":""},{"PrincipalName":"ENTERPRISE ADMINS@HTB.LOCAL","PrincipalType":"group","RightName":"GenericAll","AceType":""},{"PrincipalName":"ADMINISTRATORS@HTB.LOCAL","PrincipalType":"group","RightName":"GenericWrite","AceType":""},{"PrincipalName":"ADMINISTRATORS@HTB.LOCAL","PrincipalType":"group","RightName":"WriteDacl","AceType":""},{"PrincipalName":"ADMINISTRATORS@HTB.LOCAL","PrincipalType":"group","RightName":"WriteOwner","AceType":""},{"PrincipalName":"ADMINISTRATORS@HTB.LOCAL","PrincipalType":"group","RightName":"ExtendedRight","AceType":"All"},{"PrincipalName":"ANONYMOUS@HTB.LOCAL","PrincipalType":"group","RightName":"GenericWrite","AceType":""}],"AllowedToDelegate":[],"SPNTargets":[]},{"Properties":{"domain":"HTB.LOCAL","objectsid":"S-1-5-21-3072663084-364016917-1341370565-1145","highvalue":false,"enabled":true,"lastlogon":1569191369,"lastlogontimestamp":1569022969,"pwdlastset":1568939399,"serviceprincipalnames":[],"hasspn":false,"displayname":"Sebastien Caron","email":null,"title":null,"homedirectory":null,"description":null,"userpassword":null,"sensitive":false,"dontreqpreauth":false,"passwordnotreqd":false,"unconstraineddelegation":false,"admincount":false},"Name":"SEBASTIEN@HTB.LOCAL","PrimaryGroup":"DOMAIN USERS@HTB.LOCAL","Aces":[{"PrincipalName":"DOMAIN ADMINS@HTB.LOCAL","PrincipalType":"group","RightName":"Owner","AceType":""},{"PrincipalName":"ACCOUNT OPERATORS@HTB.LOCAL","PrincipalType":"group","RightName":"GenericAll","AceType":""},{"PrincipalName":"DOMAIN ADMINS@HTB.LOCAL","PrincipalType":"group","RightName":"GenericAll","AceType":""},{"PrincipalName":"EXCHANGE WINDOWS PERMISSIONS@HTB.LOCAL","PrincipalType":"group","RightName":"ExtendedRight","AceType":"User-Force-Change-Password"},{"PrincipalName":"EXCHANGE WINDOWS PERMISSIONS@HTB.LOCAL","PrincipalType":"group","RightName":"WriteDacl","AceType":""},{"PrincipalName":"ENTERPRISE ADMINS@HTB.LOCAL","PrincipalType":"group","RightName":"GenericAll","AceType":""},{"PrincipalName":"ADMINISTRATORS@HTB.LOCAL","PrincipalType":"group","RightName":"GenericWrite","AceType":""},{"PrincipalName":"ADMINISTRATORS@HTB.LOCAL","PrincipalType":"group","RightName":"WriteDacl","AceType":""},{"PrincipalName":"ADMINISTRATORS@HTB.LOCAL","PrincipalType":"group","RightName":"WriteOwner","AceType":""},{"PrincipalName":"ADMINISTRATORS@HTB.LOCAL","PrincipalType":"group","RightName":"ExtendedRight","AceType":"All"},{"PrincipalName":"ANONYMOUS@HTB.LOCAL","PrincipalType":"group","RightName":"GenericWrite","AceType":""}],"AllowedToDelegate":[],"SPNTargets":[]},{"Properties":{"domain":"HTB.LOCAL","objectsid":"S-1-5-21-3072663084-364016917-1341370565-7601","highvalue":false,"enabled":true,"lastlogon":0,"lastlogontimestamp":-1,"pwdlastset":1576956667,"serviceprincipalnames":[],"hasspn":false,"displayname":null,"email":null,"title":null,"homedirectory":null,"description":null,"userpassword":null,"sensitive":false,"dontreqpreauth":false,"passwordnotreqd":false,"unconstraineddelegation":false,"admincount":false},"Name":"PENTEST@HTB.LOCAL","PrimaryGroup":"DOMAIN USERS@HTB.LOCAL","Aces":[{"PrincipalName":"SVC-ALFRESCO@HTB.LOCAL","PrincipalType":"user","RightName":"Owner","AceType":""},{"PrincipalName":"ACCOUNT OPERATORS@HTB.LOCAL","PrincipalType":"group","RightName":"GenericAll","AceType":""},{"PrincipalName":"DOMAIN ADMINS@HTB.LOCAL","PrincipalType":"group","RightName":"GenericAll","AceType":""},{"PrincipalName":"SVC-ALFRESCO@HTB.LOCAL","PrincipalType":"user","RightName":"ExtendedRight","AceType":"User-Force-Change-Password"},{"PrincipalName":"EXCHANGE WINDOWS PERMISSIONS@HTB.LOCAL","PrincipalType":"group","RightName":"ExtendedRight","AceType":"User-Force-Change-Password"},{"PrincipalName":"EXCHANGE WINDOWS PERMISSIONS@HTB.LOCAL","PrincipalType":"group","RightName":"WriteDacl","AceType":""},{"PrincipalName":"ENTERPRISE ADMINS@HTB.LOCAL","PrincipalType":"group","RightName":"GenericAll","AceType":""},{"PrincipalName":"ADMINISTRATORS@HTB.LOCAL","PrincipalType":"group","RightName":"GenericWrite","AceType":""},{"PrincipalName":"ADMINISTRATORS@HTB.LOCAL","PrincipalType":"group","RightName":"WriteDacl","AceType":""},{"PrincipalName":"ADMINISTRATORS@HTB.LOCAL","PrincipalType":"group","RightName":"WriteOwner","AceType":""},{"PrincipalName":"ADMINISTRATORS@HTB.LOCAL","PrincipalType":"group","RightName":"ExtendedRight","AceType":"All"},{"PrincipalName":"ANONYMOUS@HTB.LOCAL","PrincipalType":"group","RightName":"GenericWrite","AceType":""}],"AllowedToDelegate":[],"SPNTargets":[]},{"Properties":{"domain":"HTB.LOCAL","objectsid":"S-1-5-21-3072663084-364016917-1341370565-1152","highvalue":false,"enabled":true,"lastlogon":0,"lastlogontimestamp":-1,"pwdlastset":1569020575,"serviceprincipalnames":[],"hasspn":false,"displayname":"Santi Rodriguez","email":null,"title":null,"homedirectory":null,"description":null,"userpassword":null,"sensitive":false,"dontreqpreauth":false,"passwordnotreqd":false,"unconstraineddelegation":false,"admincount":false},"Name":"SANTI@HTB.LOCAL","PrimaryGroup":"DOMAIN USERS@HTB.LOCAL","Aces":[{"PrincipalName":"DOMAIN ADMINS@HTB.LOCAL","PrincipalType":"group","RightName":"Owner","AceType":""},{"PrincipalName":"ACCOUNT OPERATORS@HTB.LOCAL","PrincipalType":"group","RightName":"GenericAll","AceType":""},{"PrincipalName":"DOMAIN ADMINS@HTB.LOCAL","PrincipalType":"group","RightName":"GenericAll","AceType":""},{"PrincipalName":"EXCHANGE WINDOWS PERMISSIONS@HTB.LOCAL","PrincipalType":"group","RightName":"ExtendedRight","AceType":"User-Force-Change-Password"},{"PrincipalName":"EXCHANGE WINDOWS PERMISSIONS@HTB.LOCAL","PrincipalType":"group","RightName":"WriteDacl","AceType":""},{"PrincipalName":"ENTERPRISE ADMINS@HTB.LOCAL","PrincipalType":"group","RightName":"GenericAll","AceType":""},{"PrincipalName":"ADMINISTRATORS@HTB.LOCAL","PrincipalType":"group","RightName":"GenericWrite","AceType":""},{"PrincipalName":"ADMINISTRATORS@HTB.LOCAL","PrincipalType":"group","RightName":"WriteDacl","AceType":""},{"PrincipalName":"ADMINISTRATORS@HTB.LOCAL","PrincipalType":"group","RightName":"WriteOwner","AceType":""},{"PrincipalName":"ADMINISTRATORS@HTB.LOCAL","PrincipalType":"group","RightName":"ExtendedRight","AceType":"All"},{"PrincipalName":"ANONYMOUS@HTB.LOCAL","PrincipalType":"group","RightName":"GenericWrite","AceType":""}],"AllowedToDelegate":[],"SPNTargets":[]},{"Properties":{"domain":"HTB.LOCAL","objectsid":"S-1-5-21-3072663084-364016917-1341370565-1139","highvalue":false,"enabled":true,"lastlogon":0,"lastlogontimestamp":-1,"pwdlastset":1568894226,"serviceprincipalnames":[],"hasspn":false,"displayname":"HealthMailbox-EXCH01-005","email":"HealthMailbox6ded67848a234577a1756e072081d01f@htb.local","title":null,"homedirectory":null,"description":null,"userpassword":null,"sensitive":false,"dontreqpreauth":false,"passwordnotreqd":false,"unconstraineddelegation":false,"admincount":false},"Name":"HEALTHMAILBOX6DED678@HTB.LOCAL","PrimaryGroup":"DOMAIN USERS@HTB.LOCAL","Aces":[{"PrincipalName":"EXCH01.HTB.LOCAL","PrincipalType":"computer","RightName":"Owner","AceType":""},{"PrincipalName":"ACCOUNT OPERATORS@HTB.LOCAL","PrincipalType":"group","RightName":"GenericAll","AceType":""},{"PrincipalName":"DOMAIN ADMINS@HTB.LOCAL","PrincipalType":"group","RightName":"GenericAll","AceType":""},{"PrincipalName":"EXCHANGE SERVERS@HTB.LOCAL","PrincipalType":"group","RightName":"ExtendedRight","AceType":"User-Force-Change-Password"},{"PrincipalName":"ORGANIZATION MANAGEMENT@HTB.LOCAL","PrincipalType":"group","RightName":"GenericWrite","AceType":""},{"PrincipalName":"EXCHANGE SERVERS@HTB.LOCAL","PrincipalType":"group","RightName":"GenericWrite","AceType":""},{"PrincipalName":"EXCHANGE WINDOWS PERMISSIONS@HTB.LOCAL","PrincipalType":"group","RightName":"ExtendedRight","AceType":"User-Force-Change-Password"},{"PrincipalName":"EXCHANGE WINDOWS PERMISSIONS@HTB.LOCAL","PrincipalType":"group","RightName":"WriteDacl","AceType":""},{"PrincipalName":"ENTERPRISE ADMINS@HTB.LOCAL","PrincipalType":"group","RightName":"GenericAll","AceType":""},{"PrincipalName":"ADMINISTRATORS@HTB.LOCAL","PrincipalType":"group","RightName":"GenericWrite","AceType":""},{"PrincipalName":"ADMINISTRATORS@HTB.LOCAL","PrincipalType":"group","RightName":"WriteDacl","AceType":""},{"PrincipalName":"ADMINISTRATORS@HTB.LOCAL","PrincipalType":"group","RightName":"WriteOwner","AceType":""},{"PrincipalName":"ADMINISTRATORS@HTB.LOCAL","PrincipalType":"group","RightName":"ExtendedRight","AceType":"All"},{"PrincipalName":"ANONYMOUS@HTB.LOCAL","PrincipalType":"group","RightName":"GenericWrite","AceType":""}],"AllowedToDelegate":[],"SPNTargets":[]},{"Properties":{"domain":"HTB.LOCAL","objectsid":"S-1-5-21-3072663084-364016917-1341370565-1146","highvalue":false,"enabled":true,"lastlogon":0,"lastlogontimestamp":-1,"pwdlastset":1568940253,"serviceprincipalnames":[],"hasspn":false,"displayname":"Lucinda Berger","email":null,"title":null,"homedirectory":null,"description":null,"userpassword":null,"sensitive":false,"dontreqpreauth":false,"passwordnotreqd":false,"unconstraineddelegation":false,"admincount":false},"Name":"LUCINDA@HTB.LOCAL","PrimaryGroup":"DOMAIN USERS@HTB.LOCAL","Aces":[{"PrincipalName":"DOMAIN ADMINS@HTB.LOCAL","PrincipalType":"group","RightName":"Owner","AceType":""},{"PrincipalName":"ACCOUNT OPERATORS@HTB.LOCAL","PrincipalType":"group","RightName":"GenericAll","AceType":""},{"PrincipalName":"DOMAIN ADMINS@HTB.LOCAL","PrincipalType":"group","RightName":"GenericAll","AceType":""},{"PrincipalName":"EXCHANGE WINDOWS PERMISSIONS@HTB.LOCAL","PrincipalType":"group","RightName":"ExtendedRight","AceType":"User-Force-Change-Password"},{"PrincipalName":"EXCHANGE WINDOWS PERMISSIONS@HTB.LOCAL","PrincipalType":"group","RightName":"WriteDacl","AceType":""},{"PrincipalName":"ENTERPRISE ADMINS@HTB.LOCAL","PrincipalType":"group","RightName":"GenericAll","AceType":""},{"PrincipalName":"ADMINISTRATORS@HTB.LOCAL","PrincipalType":"group","RightName":"GenericWrite","AceType":""},{"PrincipalName":"ADMINISTRATORS@HTB.LOCAL","PrincipalType":"group","RightName":"WriteDacl","AceType":""},{"PrincipalName":"ADMINISTRATORS@HTB.LOCAL","PrincipalType":"group","RightName":"WriteOwner","AceType":""},{"PrincipalName":"ADMINISTRATORS@HTB.LOCAL","PrincipalType":"group","RightName":"ExtendedRight","AceType":"All"},{"PrincipalName":"ANONYMOUS@HTB.LOCAL","PrincipalType":"group","RightName":"GenericWrite","AceType":""}],"AllowedToDelegate":[],"SPNTargets":[]},{"Properties":{"domain":"HTB.LOCAL","objectsid":"S-1-5-21-3072663084-364016917-1341370565-1128","highvalue":false,"enabled":false,"lastlogon":0,"lastlogontimestamp":-1,"pwdlastset":0,"serviceprincipalnames":[],"hasspn":false,"displayname":"Microsoft Exchange Migration","email":"Migration.8f3e7716-2011-43e4-96b1-aba62d229136@htb.local","title":null,"homedirectory":null,"description":null,"userpassword":null,"sensitive":false,"dontreqpreauth":false,"passwordnotreqd":false,"unconstraineddelegation":false,"admincount":false},"Name":"SM_1B41C9286325456BB@HTB.LOCAL","PrimaryGroup":"DOMAIN USERS@HTB.LOCAL","Aces":[{"PrincipalName":"DOMAIN ADMINS@HTB.LOCAL","PrincipalType":"group","RightName":"Owner","AceType":""},{"PrincipalName":"ACCOUNT OPERATORS@HTB.LOCAL","PrincipalType":"group","RightName":"GenericAll","AceType":""},{"PrincipalName":"DOMAIN ADMINS@HTB.LOCAL","PrincipalType":"group","RightName":"GenericAll","AceType":""},{"PrincipalName":"ORGANIZATION MANAGEMENT@HTB.LOCAL","PrincipalType":"group","RightName":"GenericAll","AceType":""},{"PrincipalName":"EXCHANGE WINDOWS PERMISSIONS@HTB.LOCAL","PrincipalType":"group","RightName":"ExtendedRight","AceType":"User-Force-Change-Password"},{"PrincipalName":"EXCHANGE WINDOWS PERMISSIONS@HTB.LOCAL","PrincipalType":"group","RightName":"WriteDacl","AceType":""},{"PrincipalName":"ENTERPRISE ADMINS@HTB.LOCAL","PrincipalType":"group","RightName":"GenericAll","AceType":""},{"PrincipalName":"ADMINISTRATORS@HTB.LOCAL","PrincipalType":"group","RightName":"GenericWrite","AceType":""},{"PrincipalName":"ADMINISTRATORS@HTB.LOCAL","PrincipalType":"group","RightName":"WriteDacl","AceType":""},{"PrincipalName":"ADMINISTRATORS@HTB.LOCAL","PrincipalType":"group","RightName":"WriteOwner","AceType":""},{"PrincipalName":"ADMINISTRATORS@HTB.LOCAL","PrincipalType":"group","RightName":"ExtendedRight","AceType":"All"},{"PrincipalName":"ANONYMOUS@HTB.LOCAL","PrincipalType":"group","RightName":"GenericWrite","AceType":""}],"AllowedToDelegate":[],"SPNTargets":[]},{"Properties":{"domain":"HTB.LOCAL","objectsid":"S-1-5-21-3072663084-364016917-1341370565-1151","highvalue":false,"enabled":true,"lastlogon":0,"lastlogontimestamp":-1,"pwdlastset":1569020250,"serviceprincipalnames":[],"hasspn":false,"displayname":"Mark Brandt","email":null,"title":null,"homedirectory":null,"description":null,"userpassword":null,"sensitive":false,"dontreqpreauth":false,"passwordnotreqd":false,"unconstraineddelegation":false,"admincount":false},"Name":"MARK@HTB.LOCAL","PrimaryGroup":"DOMAIN USERS@HTB.LOCAL","Aces":[{"PrincipalName":"DOMAIN ADMINS@HTB.LOCAL","PrincipalType":"group","RightName":"Owner","AceType":""},{"PrincipalName":"ACCOUNT OPERATORS@HTB.LOCAL","PrincipalType":"group","RightName":"GenericAll","AceType":""},{"PrincipalName":"DOMAIN ADMINS@HTB.LOCAL","PrincipalType":"group","RightName":"GenericAll","AceType":""},{"PrincipalName":"EXCHANGE WINDOWS PERMISSIONS@HTB.LOCAL","PrincipalType":"group","RightName":"ExtendedRight","AceType":"User-Force-Change-Password"},{"PrincipalName":"EXCHANGE WINDOWS PERMISSIONS@HTB.LOCAL","PrincipalType":"group","RightName":"WriteDacl","AceType":""},{"PrincipalName":"ENTERPRISE ADMINS@HTB.LOCAL","PrincipalType":"group","RightName":"GenericAll","AceType":""},{"PrincipalName":"ADMINISTRATORS@HTB.LOCAL","PrincipalType":"group","RightName":"GenericWrite","AceType":""},{"PrincipalName":"ADMINISTRATORS@HTB.LOCAL","PrincipalType":"group","RightName":"WriteDacl","AceType":""},{"PrincipalName":"ADMINISTRATORS@HTB.LOCAL","PrincipalType":"group","RightName":"WriteOwner","AceType":""},{"PrincipalName":"ADMINISTRATORS@HTB.LOCAL","PrincipalType":"group","RightName":"ExtendedRight","AceType":"All"},{"PrincipalName":"ANONYMOUS@HTB.LOCAL","PrincipalType":"group","RightName":"GenericWrite","AceType":""}],"AllowedToDelegate":[],"SPNTargets":[]},{"Properties":{"domain":"HTB.LOCAL","objectsid":"S-1-5-21-3072663084-364016917-1341370565-1130","highvalue":false,"enabled":false,"lastlogon":0,"lastlogontimestamp":-1,"pwdlastset":0,"serviceprincipalnames":[],"hasspn":false,"displayname":"E4E Encryption Store - Active","email":"SystemMailbox{D0E409A0-AF9B-4720-92FE-AAC869B0D201}@htb.local","title":null,"homedirectory":null,"description":null,"userpassword":null,"sensitive":false,"dontreqpreauth":false,"passwordnotreqd":false,"unconstraineddelegation":false,"admincount":false},"Name":"SM_7C96B981967141EBB@HTB.LOCAL","PrimaryGroup":"DOMAIN USERS@HTB.LOCAL","Aces":[{"PrincipalName":"DOMAIN ADMINS@HTB.LOCAL","PrincipalType":"group","RightName":"Owner","AceType":""},{"PrincipalName":"ACCOUNT OPERATORS@HTB.LOCAL","PrincipalType":"group","RightName":"GenericAll","AceType":""},{"PrincipalName":"DOMAIN ADMINS@HTB.LOCAL","PrincipalType":"group","RightName":"GenericAll","AceType":""},{"PrincipalName":"ORGANIZATION MANAGEMENT@HTB.LOCAL","PrincipalType":"group","RightName":"GenericAll","AceType":""},{"PrincipalName":"EXCHANGE WINDOWS PERMISSIONS@HTB.LOCAL","PrincipalType":"group","RightName":"ExtendedRight","AceType":"User-Force-Change-Password"},{"PrincipalName":"EXCHANGE WINDOWS PERMISSIONS@HTB.LOCAL","PrincipalType":"group","RightName":"WriteDacl","AceType":""},{"PrincipalName":"ENTERPRISE ADMINS@HTB.LOCAL","PrincipalType":"group","RightName":"GenericAll","AceType":""},{"PrincipalName":"ADMINISTRATORS@HTB.LOCAL","PrincipalType":"group","RightName":"GenericWrite","AceType":""},{"PrincipalName":"ADMINISTRATORS@HTB.LOCAL","PrincipalType":"group","RightName":"WriteDacl","AceType":""},{"PrincipalName":"ADMINISTRATORS@HTB.LOCAL","PrincipalType":"group","RightName":"WriteOwner","AceType":""},{"PrincipalName":"ADMINISTRATORS@HTB.LOCAL","PrincipalType":"group","RightName":"ExtendedRight","AceType":"All"},{"PrincipalName":"ANONYMOUS@HTB.LOCAL","PrincipalType":"group","RightName":"GenericWrite","AceType":""}],"AllowedToDelegate":[],"SPNTargets":[]},{"Properties":{"domain":"HTB.LOCAL","objectsid":"S-1-5-21-3072663084-364016917-1341370565-501","highvalue":false,"enabled":false,"lastlogon":0,"lastlogontimestamp":-1,"pwdlastset":0,"serviceprincipalnames":[],"hasspn":false,"displayname":null,"email":null,"title":null,"homedirectory":null,"description":"Built-in account for guest access to the computer/domain","userpassword":null,"sensitive":false,"dontreqpreauth":false,"passwordnotreqd":true,"unconstraineddelegation":false,"admincount":false},"Name":"GUEST@HTB.LOCAL","PrimaryGroup":"DOMAIN GUESTS@HTB.LOCAL","Aces":[{"PrincipalName":"ADMINISTRATORS@HTB.LOCAL","PrincipalType":"group","RightName":"Owner","AceType":""},{"PrincipalName":"ACCOUNT OPERATORS@HTB.LOCAL","PrincipalType":"group","RightName":"GenericAll","AceType":""},{"PrincipalName":"DOMAIN ADMINS@HTB.LOCAL","PrincipalType":"group","RightName":"GenericAll","AceType":""},{"PrincipalName":"EXCHANGE WINDOWS PERMISSIONS@HTB.LOCAL","PrincipalType":"group","RightName":"ExtendedRight","AceType":"User-Force-Change-Password"},{"PrincipalName":"EXCHANGE WINDOWS PERMISSIONS@HTB.LOCAL","PrincipalType":"group","RightName":"WriteDacl","AceType":""},{"PrincipalName":"ENTERPRISE ADMINS@HTB.LOCAL","PrincipalType":"group","RightName":"GenericAll","AceType":""},{"PrincipalName":"ADMINISTRATORS@HTB.LOCAL","PrincipalType":"group","RightName":"GenericWrite","AceType":""},{"PrincipalName":"ADMINISTRATORS@HTB.LOCAL","PrincipalType":"group","RightName":"WriteDacl","AceType":""},{"PrincipalName":"ADMINISTRATORS@HTB.LOCAL","PrincipalType":"group","RightName":"WriteOwner","AceType":""},{"PrincipalName":"ADMINISTRATORS@HTB.LOCAL","PrincipalType":"group","RightName":"ExtendedRight","AceType":"All"},{"PrincipalName":"ANONYMOUS@HTB.LOCAL","PrincipalType":"group","RightName":"GenericWrite","AceType":""}],"AllowedToDelegate":[],"SPNTargets":[]},{"Properties":{"domain":"HTB.LOCAL","objectsid":"S-1-5-21-3072663084-364016917-1341370565-1129","highvalue":false,"enabled":false,"lastlogon":0,"lastlogontimestamp":-1,"pwdlastset":0,"serviceprincipalnames":[],"hasspn":false,"displayname":"Microsoft Exchange Federation Mailbox","email":"FederatedEmail.4c1f4d8b-8179-4148-93bf-00a95fa1e042@htb.local","title":null,"homedirectory":null,"description":null,"userpassword":null,"sensitive":false,"dontreqpreauth":false,"passwordnotreqd":false,"unconstraineddelegation":false,"admincount":false},"Name":"SM_9B69F1B9D2CC45549@HTB.LOCAL","PrimaryGroup":"DOMAIN USERS@HTB.LOCAL","Aces":[{"PrincipalName":"DOMAIN ADMINS@HTB.LOCAL","PrincipalType":"group","RightName":"Owner","AceType":""},{"PrincipalName":"ACCOUNT OPERATORS@HTB.LOCAL","PrincipalType":"group","RightName":"GenericAll","AceType":""},{"PrincipalName":"DOMAIN ADMINS@HTB.LOCAL","PrincipalType":"group","RightName":"GenericAll","AceType":""},{"PrincipalName":"ORGANIZATION MANAGEMENT@HTB.LOCAL","PrincipalType":"group","RightName":"GenericAll","AceType":""},{"PrincipalName":"EXCHANGE WINDOWS PERMISSIONS@HTB.LOCAL","PrincipalType":"group","RightName":"ExtendedRight","AceType":"User-Force-Change-Password"},{"PrincipalName":"EXCHANGE WINDOWS PERMISSIONS@HTB.LOCAL","PrincipalType":"group","RightName":"WriteDacl","AceType":""},{"PrincipalName":"ENTERPRISE ADMINS@HTB.LOCAL","PrincipalType":"group","RightName":"GenericAll","AceType":""},{"PrincipalName":"ADMINISTRATORS@HTB.LOCAL","PrincipalType":"group","RightName":"GenericWrite","AceType":""},{"PrincipalName":"ADMINISTRATORS@HTB.LOCAL","PrincipalType":"group","RightName":"WriteDacl","AceType":""},{"PrincipalName":"ADMINISTRATORS@HTB.LOCAL","PrincipalType":"group","RightName":"WriteOwner","AceType":""},{"PrincipalName":"ADMINISTRATORS@HTB.LOCAL","PrincipalType":"group","RightName":"ExtendedRight","AceType":"All"},{"PrincipalName":"ANONYMOUS@HTB.LOCAL","PrincipalType":"group","RightName":"GenericWrite","AceType":""}],"AllowedToDelegate":[],"SPNTargets":[]},{"Properties":{"domain":"HTB.LOCAL","objectsid":"S-1-5-21-3072663084-364016917-1341370565-1134","highvalue":false,"enabled":true,"lastlogon":1569279432,"lastlogontimestamp":1568896093,"pwdlastset":1569279091,"serviceprincipalnames":[],"hasspn":false,"displayname":"HealthMailbox-EXCH01-Mailbox-Database-1118319013","email":"HealthMailboxc3d7722415ad41a5b19e3e00e165edbe@htb.local","title":null,"homedirectory":null,"description":null,"userpassword":null,"sensitive":false,"dontreqpreauth":false,"passwordnotreqd":false,"unconstraineddelegation":false,"admincount":false},"Name":"HEALTHMAILBOXC3D7722@HTB.LOCAL","PrimaryGroup":"DOMAIN USERS@HTB.LOCAL","Aces":[{"PrincipalName":"EXCH01.HTB.LOCAL","PrincipalType":"computer","RightName":"Owner","AceType":""},{"PrincipalName":"ACCOUNT OPERATORS@HTB.LOCAL","PrincipalType":"group","RightName":"GenericAll","AceType":""},{"PrincipalName":"DOMAIN ADMINS@HTB.LOCAL","PrincipalType":"group","RightName":"GenericAll","AceType":""},{"PrincipalName":"EXCHANGE SERVERS@HTB.LOCAL","PrincipalType":"group","RightName":"ExtendedRight","AceType":"User-Force-Change-Password"},{"PrincipalName":"ORGANIZATION MANAGEMENT@HTB.LOCAL","PrincipalType":"group","RightName":"GenericWrite","AceType":""},{"PrincipalName":"EXCHANGE SERVERS@HTB.LOCAL","PrincipalType":"group","RightName":"GenericWrite","AceType":""},{"PrincipalName":"EXCHANGE WINDOWS PERMISSIONS@HTB.LOCAL","PrincipalType":"group","RightName":"ExtendedRight","AceType":"User-Force-Change-Password"},{"PrincipalName":"EXCHANGE WINDOWS PERMISSIONS@HTB.LOCAL","PrincipalType":"group","RightName":"WriteDacl","AceType":""},{"PrincipalName":"ENTERPRISE ADMINS@HTB.LOCAL","PrincipalType":"group","RightName":"GenericAll","AceType":""},{"PrincipalName":"ADMINISTRATORS@HTB.LOCAL","PrincipalType":"group","RightName":"GenericWrite","AceType":""},{"PrincipalName":"ADMINISTRATORS@HTB.LOCAL","PrincipalType":"group","RightName":"WriteDacl","AceType":""},{"PrincipalName":"ADMINISTRATORS@HTB.LOCAL","PrincipalType":"group","RightName":"WriteOwner","AceType":""},{"PrincipalName":"ADMINISTRATORS@HTB.LOCAL","PrincipalType":"group","RightName":"ExtendedRight","AceType":"All"},{"PrincipalName":"ANONYMOUS@HTB.LOCAL","PrincipalType":"group","RightName":"GenericWrite","AceType":""}],"AllowedToDelegate":[],"SPNTargets":[]}],"meta":{"count":32,"type":"users"}}