﻿{"computers":[{"Properties":{"haslaps":false,"objectsid":"S-1-5-21-2966785786-3096785034-1186376766-1000","highvalue":false,"domain":"EGOTISTICAL-BANK.LOCAL","enabled":true,"unconstraineddelegation":true,"lastlogon":1582731840,"lastlogontimestamp":1582674266,"pwdlastset":1582674260,"serviceprincipalnames":["Dfsr-12F9A27C-BF97-4787-9364-D31B6C55EB04/SAUNA.EGOTISTICAL-BANK.LOCAL","ldap/SAUNA.EGOTISTICAL-BANK.LOCAL/ForestDnsZones.EGOTISTICAL-BANK.LOCAL","ldap/SAUNA.EGOTISTICAL-BANK.LOCAL/DomainDnsZones.EGOTISTICAL-BANK.LOCAL","DNS/SAUNA.EGOTISTICAL-BANK.LOCAL","GC/SAUNA.EGOTISTICAL-BANK.LOCAL/EGOTISTICAL-BANK.LOCAL","RestrictedKrbHost/SAUNA.EGOTISTICAL-BANK.LOCAL","RestrictedKrbHost/SAUNA","RPC/b3e0be40-25c6-44ec-b2b9-9ff85c44b2ec._msdcs.EGOTISTICAL-BANK.LOCAL","HOST/SAUNA/EGOTISTICALBANK","HOST/SAUNA.EGOTISTICAL-BANK.LOCAL/EGOTISTICALBANK","HOST/SAUNA","HOST/SAUNA.EGOTISTICAL-BANK.LOCAL","HOST/SAUNA.EGOTISTICAL-BANK.LOCAL/EGOTISTICAL-BANK.LOCAL","E3514235-4B06-11D1-AB04-00C04FC2DCD2/b3e0be40-25c6-44ec-b2b9-9ff85c44b2ec/EGOTISTICAL-BANK.LOCAL","ldap/SAUNA/EGOTISTICALBANK","ldap/b3e0be40-25c6-44ec-b2b9-9ff85c44b2ec._msdcs.EGOTISTICAL-BANK.LOCAL","ldap/SAUNA.EGOTISTICAL-BANK.LOCAL/EGOTISTICALBANK","ldap/SAUNA","ldap/SAUNA.EGOTISTICAL-BANK.LOCAL","ldap/SAUNA.EGOTISTICAL-BANK.LOCAL/EGOTISTICAL-BANK.LOCAL"],"operatingsystem":"Windows Server 2019 Standard","description":null},"Name":"SAUNA.EGOTISTICAL-BANK.LOCAL","PrimaryGroup":"DOMAIN CONTROLLERS@EGOTISTICAL-BANK.LOCAL","LocalAdmins":[{"Name":"ADMINISTRATOR@EGOTISTICAL-BANK.LOCAL","Type":"User"},{"Name":"ENTERPRISE ADMINS@EGOTISTICAL-BANK.LOCAL","Type":"Group"},{"Name":"DOMAIN ADMINS@EGOTISTICAL-BANK.LOCAL","Type":"Group"}],"RemoteDesktopUsers":[],"DcomUsers":[],"AllowedToDelegate":[],"AllowedToAct":null,"Aces":[{"PrincipalName":"DOMAIN ADMINS@EGOTISTICAL-BANK.LOCAL","PrincipalType":"group","RightName":"Owner","AceType":""},{"PrincipalName":"DOMAIN ADMINS@EGOTISTICAL-BANK.LOCAL","PrincipalType":"group","RightName":"GenericAll","AceType":""},{"PrincipalName":"ENTERPRISE ADMINS@EGOTISTICAL-BANK.LOCAL","PrincipalType":"group","RightName":"GenericAll","AceType":""},{"PrincipalName":"ADMINISTRATORS@EGOTISTICAL-BANK.LOCAL","PrincipalType":"group","RightName":"GenericWrite","AceType":""},{"PrincipalName":"ADMINISTRATORS@EGOTISTICAL-BANK.LOCAL","PrincipalType":"group","RightName":"WriteDacl","AceType":""},{"PrincipalName":"ADMINISTRATORS@EGOTISTICAL-BANK.LOCAL","PrincipalType":"group","RightName":"WriteOwner","AceType":""}]}],"meta":{"count":1,"type":"computers"}}