﻿{"users":[{"Properties":{"domain":"EGOTISTICAL-BANK.LOCAL","objectsid":"S-1-5-21-2966785786-3096785034-1186376766-502","highvalue":false,"enabled":false,"lastlogon":0,"lastlogontimestamp":-1,"pwdlastset":1579758330,"serviceprincipalnames":["kadmin/changepw"],"hasspn":true,"displayname":null,"email":null,"title":null,"homedirectory":null,"description":"Key Distribution Center Service Account","userpassword":null,"sensitive":false,"dontreqpreauth":false,"passwordnotreqd":false,"unconstraineddelegation":false,"admincount":true},"Name":"KRBTGT@EGOTISTICAL-BANK.LOCAL","PrimaryGroup":"DOMAIN USERS@EGOTISTICAL-BANK.LOCAL","Aces":[{"PrincipalName":"DOMAIN ADMINS@EGOTISTICAL-BANK.LOCAL","PrincipalType":"group","RightName":"Owner","AceType":""},{"PrincipalName":"ADMINISTRATORS@EGOTISTICAL-BANK.LOCAL","PrincipalType":"group","RightName":"GenericWrite","AceType":""},{"PrincipalName":"ADMINISTRATORS@EGOTISTICAL-BANK.LOCAL","PrincipalType":"group","RightName":"WriteDacl","AceType":""},{"PrincipalName":"ADMINISTRATORS@EGOTISTICAL-BANK.LOCAL","PrincipalType":"group","RightName":"WriteOwner","AceType":""},{"PrincipalName":"ADMINISTRATORS@EGOTISTICAL-BANK.LOCAL","PrincipalType":"group","RightName":"ExtendedRight","AceType":"All"},{"PrincipalName":"DOMAIN ADMINS@EGOTISTICAL-BANK.LOCAL","PrincipalType":"group","RightName":"GenericWrite","AceType":""},{"PrincipalName":"DOMAIN ADMINS@EGOTISTICAL-BANK.LOCAL","PrincipalType":"group","RightName":"WriteDacl","AceType":""},{"PrincipalName":"DOMAIN ADMINS@EGOTISTICAL-BANK.LOCAL","PrincipalType":"group","RightName":"WriteOwner","AceType":""},{"PrincipalName":"DOMAIN ADMINS@EGOTISTICAL-BANK.LOCAL","PrincipalType":"group","RightName":"ExtendedRight","AceType":"All"},{"PrincipalName":"ENTERPRISE ADMINS@EGOTISTICAL-BANK.LOCAL","PrincipalType":"group","RightName":"GenericWrite","AceType":""},{"PrincipalName":"ENTERPRISE ADMINS@EGOTISTICAL-BANK.LOCAL","PrincipalType":"group","RightName":"WriteDacl","AceType":""},{"PrincipalName":"ENTERPRISE ADMINS@EGOTISTICAL-BANK.LOCAL","PrincipalType":"group","RightName":"WriteOwner","AceType":""},{"PrincipalName":"ENTERPRISE ADMINS@EGOTISTICAL-BANK.LOCAL","PrincipalType":"group","RightName":"ExtendedRight","AceType":"All"}],"AllowedToDelegate":[],"SPNTargets":[]},{"Properties":{"domain":"EGOTISTICAL-BANK.LOCAL","objectsid":"S-1-5-21-2966785786-3096785034-1186376766-501","highvalue":false,"enabled":false,"lastlogon":0,"lastlogontimestamp":-1,"pwdlastset":0,"serviceprincipalnames":[],"hasspn":false,"displayname":null,"email":null,"title":null,"homedirectory":null,"description":"Built-in account for guest access to the computer/domain","userpassword":null,"sensitive":false,"dontreqpreauth":false,"passwordnotreqd":true,"unconstraineddelegation":false,"admincount":false},"Name":"GUEST@EGOTISTICAL-BANK.LOCAL","PrimaryGroup":"DOMAIN GUESTS@EGOTISTICAL-BANK.LOCAL","Aces":[{"PrincipalName":"ADMINISTRATORS@EGOTISTICAL-BANK.LOCAL","PrincipalType":"group","RightName":"Owner","AceType":""},{"PrincipalName":"ACCOUNT OPERATORS@EGOTISTICAL-BANK.LOCAL","PrincipalType":"group","RightName":"GenericAll","AceType":""},{"PrincipalName":"DOMAIN ADMINS@EGOTISTICAL-BANK.LOCAL","PrincipalType":"group","RightName":"GenericAll","AceType":""},{"PrincipalName":"ENTERPRISE ADMINS@EGOTISTICAL-BANK.LOCAL","PrincipalType":"group","RightName":"GenericAll","AceType":""},{"PrincipalName":"ADMINISTRATORS@EGOTISTICAL-BANK.LOCAL","PrincipalType":"group","RightName":"GenericWrite","AceType":""},{"PrincipalName":"ADMINISTRATORS@EGOTISTICAL-BANK.LOCAL","PrincipalType":"group","RightName":"WriteDacl","AceType":""},{"PrincipalName":"ADMINISTRATORS@EGOTISTICAL-BANK.LOCAL","PrincipalType":"group","RightName":"WriteOwner","AceType":""},{"PrincipalName":"ADMINISTRATORS@EGOTISTICAL-BANK.LOCAL","PrincipalType":"group","RightName":"ExtendedRight","AceType":"All"}],"AllowedToDelegate":[],"SPNTargets":[]},{"Properties":{"domain":"EGOTISTICAL-BANK.LOCAL","objectsid":"S-1-5-21-2966785786-3096785034-1186376766-1108","highvalue":false,"enabled":true,"lastlogon":1582744901,"lastlogontimestamp":1582681458,"pwdlastset":1579909711,"serviceprincipalnames":[],"hasspn":false,"displayname":"L Manager","email":null,"title":null,"homedirectory":null,"description":null,"userpassword":null,"sensitive":false,"dontreqpreauth":false,"passwordnotreqd":false,"unconstraineddelegation":false,"admincount":false},"Name":"SVC_LOANMGR@EGOTISTICAL-BANK.LOCAL","PrimaryGroup":"DOMAIN USERS@EGOTISTICAL-BANK.LOCAL","Aces":[{"PrincipalName":"DOMAIN ADMINS@EGOTISTICAL-BANK.LOCAL","PrincipalType":"group","RightName":"Owner","AceType":""},{"PrincipalName":"ACCOUNT OPERATORS@EGOTISTICAL-BANK.LOCAL","PrincipalType":"group","RightName":"GenericAll","AceType":""},{"PrincipalName":"DOMAIN ADMINS@EGOTISTICAL-BANK.LOCAL","PrincipalType":"group","RightName":"GenericAll","AceType":""},{"PrincipalName":"ENTERPRISE ADMINS@EGOTISTICAL-BANK.LOCAL","PrincipalType":"group","RightName":"GenericAll","AceType":""},{"PrincipalName":"ADMINISTRATORS@EGOTISTICAL-BANK.LOCAL","PrincipalType":"group","RightName":"GenericWrite","AceType":""},{"PrincipalName":"ADMINISTRATORS@EGOTISTICAL-BANK.LOCAL","PrincipalType":"group","RightName":"WriteDacl","AceType":""},{"PrincipalName":"ADMINISTRATORS@EGOTISTICAL-BANK.LOCAL","PrincipalType":"group","RightName":"WriteOwner","AceType":""},{"PrincipalName":"ADMINISTRATORS@EGOTISTICAL-BANK.LOCAL","PrincipalType":"group","RightName":"ExtendedRight","AceType":"All"}],"AllowedToDelegate":[],"SPNTargets":[]},{"Properties":{"domain":"EGOTISTICAL-BANK.LOCAL","objectsid":"S-1-5-21-2966785786-3096785034-1186376766-1105","highvalue":false,"enabled":true,"lastlogon":1582717541,"lastlogontimestamp":1582711934,"pwdlastset":1579797919,"serviceprincipalnames":[],"hasspn":false,"displayname":"Fergus Smith","email":null,"title":null,"homedirectory":null,"description":null,"userpassword":null,"sensitive":false,"dontreqpreauth":true,"passwordnotreqd":false,"unconstraineddelegation":false,"admincount":false},"Name":"FSMITH@EGOTISTICAL-BANK.LOCAL","PrimaryGroup":"DOMAIN USERS@EGOTISTICAL-BANK.LOCAL","Aces":[{"PrincipalName":"DOMAIN ADMINS@EGOTISTICAL-BANK.LOCAL","PrincipalType":"group","RightName":"Owner","AceType":""},{"PrincipalName":"ACCOUNT OPERATORS@EGOTISTICAL-BANK.LOCAL","PrincipalType":"group","RightName":"GenericAll","AceType":""},{"PrincipalName":"DOMAIN ADMINS@EGOTISTICAL-BANK.LOCAL","PrincipalType":"group","RightName":"GenericAll","AceType":""},{"PrincipalName":"ENTERPRISE ADMINS@EGOTISTICAL-BANK.LOCAL","PrincipalType":"group","RightName":"GenericAll","AceType":""},{"PrincipalName":"ADMINISTRATORS@EGOTISTICAL-BANK.LOCAL","PrincipalType":"group","RightName":"GenericWrite","AceType":""},{"PrincipalName":"ADMINISTRATORS@EGOTISTICAL-BANK.LOCAL","PrincipalType":"group","RightName":"WriteDacl","AceType":""},{"PrincipalName":"ADMINISTRATORS@EGOTISTICAL-BANK.LOCAL","PrincipalType":"group","RightName":"WriteOwner","AceType":""},{"PrincipalName":"ADMINISTRATORS@EGOTISTICAL-BANK.LOCAL","PrincipalType":"group","RightName":"ExtendedRight","AceType":"All"}],"AllowedToDelegate":[],"SPNTargets":[]},{"Properties":{"domain":"EGOTISTICAL-BANK.LOCAL","objectsid":"S-1-5-21-2966785786-3096785034-1186376766-500","highvalue":false,"enabled":true,"lastlogon":1581351377,"lastlogontimestamp":1582682378,"pwdlastset":1579886055,"serviceprincipalnames":[],"hasspn":false,"displayname":null,"email":null,"title":null,"homedirectory":null,"description":"Built-in account for administering the computer/domain","userpassword":null,"sensitive":false,"dontreqpreauth":false,"passwordnotreqd":false,"unconstraineddelegation":false,"admincount":true},"Name":"ADMINISTRATOR@EGOTISTICAL-BANK.LOCAL","PrimaryGroup":"DOMAIN USERS@EGOTISTICAL-BANK.LOCAL","Aces":[{"PrincipalName":"DOMAIN ADMINS@EGOTISTICAL-BANK.LOCAL","PrincipalType":"group","RightName":"Owner","AceType":""},{"PrincipalName":"ADMINISTRATORS@EGOTISTICAL-BANK.LOCAL","PrincipalType":"group","RightName":"GenericWrite","AceType":""},{"PrincipalName":"ADMINISTRATORS@EGOTISTICAL-BANK.LOCAL","PrincipalType":"group","RightName":"WriteDacl","AceType":""},{"PrincipalName":"ADMINISTRATORS@EGOTISTICAL-BANK.LOCAL","PrincipalType":"group","RightName":"WriteOwner","AceType":""},{"PrincipalName":"ADMINISTRATORS@EGOTISTICAL-BANK.LOCAL","PrincipalType":"group","RightName":"ExtendedRight","AceType":"All"},{"PrincipalName":"DOMAIN ADMINS@EGOTISTICAL-BANK.LOCAL","PrincipalType":"group","RightName":"GenericWrite","AceType":""},{"PrincipalName":"DOMAIN ADMINS@EGOTISTICAL-BANK.LOCAL","PrincipalType":"group","RightName":"WriteDacl","AceType":""},{"PrincipalName":"DOMAIN ADMINS@EGOTISTICAL-BANK.LOCAL","PrincipalType":"group","RightName":"WriteOwner","AceType":""},{"PrincipalName":"DOMAIN ADMINS@EGOTISTICAL-BANK.LOCAL","PrincipalType":"group","RightName":"ExtendedRight","AceType":"All"},{"PrincipalName":"ENTERPRISE ADMINS@EGOTISTICAL-BANK.LOCAL","PrincipalType":"group","RightName":"GenericWrite","AceType":""},{"PrincipalName":"ENTERPRISE ADMINS@EGOTISTICAL-BANK.LOCAL","PrincipalType":"group","RightName":"WriteDacl","AceType":""},{"PrincipalName":"ENTERPRISE ADMINS@EGOTISTICAL-BANK.LOCAL","PrincipalType":"group","RightName":"WriteOwner","AceType":""},{"PrincipalName":"ENTERPRISE ADMINS@EGOTISTICAL-BANK.LOCAL","PrincipalType":"group","RightName":"ExtendedRight","AceType":"All"}],"AllowedToDelegate":[],"SPNTargets":[]},{"Properties":{"domain":"EGOTISTICAL-BANK.LOCAL","objectsid":"S-1-5-21-2966785786-3096785034-1186376766-1103","highvalue":false,"enabled":true,"lastlogon":1582743225,"lastlogontimestamp":1582741232,"pwdlastset":1579758874,"serviceprincipalnames":["SAUNA/HSmith.EGOTISTICALBANK.LOCAL:60111"],"hasspn":true,"displayname":"Hugo Smith","email":null,"title":null,"homedirectory":null,"description":null,"userpassword":null,"sensitive":false,"dontreqpreauth":false,"passwordnotreqd":false,"unconstraineddelegation":false,"admincount":false},"Name":"HSMITH@EGOTISTICAL-BANK.LOCAL","PrimaryGroup":"DOMAIN USERS@EGOTISTICAL-BANK.LOCAL","Aces":[{"PrincipalName":"DOMAIN ADMINS@EGOTISTICAL-BANK.LOCAL","PrincipalType":"group","RightName":"Owner","AceType":""},{"PrincipalName":"ACCOUNT OPERATORS@EGOTISTICAL-BANK.LOCAL","PrincipalType":"group","RightName":"GenericAll","AceType":""},{"PrincipalName":"DOMAIN ADMINS@EGOTISTICAL-BANK.LOCAL","PrincipalType":"group","RightName":"GenericAll","AceType":""},{"PrincipalName":"ENTERPRISE ADMINS@EGOTISTICAL-BANK.LOCAL","PrincipalType":"group","RightName":"GenericAll","AceType":""},{"PrincipalName":"ADMINISTRATORS@EGOTISTICAL-BANK.LOCAL","PrincipalType":"group","RightName":"GenericWrite","AceType":""},{"PrincipalName":"ADMINISTRATORS@EGOTISTICAL-BANK.LOCAL","PrincipalType":"group","RightName":"WriteDacl","AceType":""},{"PrincipalName":"ADMINISTRATORS@EGOTISTICAL-BANK.LOCAL","PrincipalType":"group","RightName":"WriteOwner","AceType":""},{"PrincipalName":"ADMINISTRATORS@EGOTISTICAL-BANK.LOCAL","PrincipalType":"group","RightName":"ExtendedRight","AceType":"All"}],"AllowedToDelegate":[],"SPNTargets":[]}],"meta":{"count":6,"type":"users"}}