﻿{"domains":[{"Properties":{"objectsid":"S-1-5-21-2966785786-3096785034-1186376766","highvalue":true,"domain":"EGOTISTICAL-BANK.LOCAL","description":null,"functionallevel":"2016"},"Name":"EGOTISTICAL-BANK.LOCAL","Links":[{"IsEnforced":false,"Name":"DEFAULT DOMAIN POLICY@EGOTISTICAL-BANK.LOCAL"}],"Trusts":[],"Aces":[{"PrincipalName":"ADMINISTRATORS@EGOTISTICAL-BANK.LOCAL","PrincipalType":"group","RightName":"Owner","AceType":""},{"PrincipalName":"ADMINISTRATORS@EGOTISTICAL-BANK.LOCAL","PrincipalType":"group","RightName":"WriteDacl","AceType":""},{"PrincipalName":"ADMINISTRATORS@EGOTISTICAL-BANK.LOCAL","PrincipalType":"group","RightName":"WriteOwner","AceType":""},{"PrincipalName":"ADMINISTRATORS@EGOTISTICAL-BANK.LOCAL","PrincipalType":"group","RightName":"ExtendedRight","AceType":"All"},{"PrincipalName":"DOMAIN ADMINS@EGOTISTICAL-BANK.LOCAL","PrincipalType":"group","RightName":"WriteDacl","AceType":""},{"PrincipalName":"DOMAIN ADMINS@EGOTISTICAL-BANK.LOCAL","PrincipalType":"group","RightName":"WriteOwner","AceType":""},{"PrincipalName":"DOMAIN ADMINS@EGOTISTICAL-BANK.LOCAL","PrincipalType":"group","RightName":"ExtendedRight","AceType":"All"},{"PrincipalName":"ENTERPRISE ADMINS@EGOTISTICAL-BANK.LOCAL","PrincipalType":"group","RightName":"GenericAll","AceType":""},{"PrincipalName":"ENTERPRISE DOMAIN CONTROLLERS@EGOTISTICAL-BANK.LOCAL","PrincipalType":"group","RightName":"ExtendedRight","AceType":"GetChanges"},{"PrincipalName":"ADMINISTRATORS@EGOTISTICAL-BANK.LOCAL","PrincipalType":"group","RightName":"ExtendedRight","AceType":"GetChangesAll"},{"PrincipalName":"ADMINISTRATORS@EGOTISTICAL-BANK.LOCAL","PrincipalType":"group","RightName":"ExtendedRight","AceType":"GetChanges"},{"PrincipalName":"ENTERPRISE READ-ONLY DOMAIN CONTROLLERS@EGOTISTICAL-BANK.LOCAL","PrincipalType":"group","RightName":"ExtendedRight","AceType":"GetChanges"},{"PrincipalName":"DOMAIN CONTROLLERS@EGOTISTICAL-BANK.LOCAL","PrincipalType":"group","RightName":"ExtendedRight","AceType":"GetChangesAll"},{"PrincipalName":"SVC_LOANMGR@EGOTISTICAL-BANK.LOCAL","PrincipalType":"user","RightName":"ExtendedRight","AceType":"GetChanges"},{"PrincipalName":"SVC_LOANMGR@EGOTISTICAL-BANK.LOCAL","PrincipalType":"user","RightName":"ExtendedRight","AceType":"GetChangesAll"}],"ChildOus":["86C8F6A3-22B6-470B-8F01-C34CDB74AC8C"],"Computers":[],"Users":["HSMITH@EGOTISTICAL-BANK.LOCAL","ADMINISTRATOR@EGOTISTICAL-BANK.LOCAL","GUEST@EGOTISTICAL-BANK.LOCAL","KRBTGT@EGOTISTICAL-BANK.LOCAL","FSMITH@EGOTISTICAL-BANK.LOCAL","SVC_LOANMGR@EGOTISTICAL-BANK.LOCAL"]}],"meta":{"count":1,"type":"domains"}}