﻿{"computers":[{"Properties":{"haslaps":false,"objectsid":"S-1-5-21-3332504370-1206983947-1165150453-1001","highvalue":false,"domain":"CASCADE.LOCAL","enabled":true,"unconstraineddelegation":true,"lastlogon":1585826647,"lastlogontimestamp":1585495884,"pwdlastset":1583233609,"serviceprincipalnames":["TERMSRV/CASC-DC1","TERMSRV/CASC-DC1.cascade.local","ldap/CASC-DC1.cascade.local/ForestDnsZones.cascade.local","ldap/CASC-DC1.cascade.local/DomainDnsZones.cascade.local","Dfsr-12F9A27C-BF97-4787-9364-D31B6C55EB04/CASC-DC1.cascade.local","DNS/CASC-DC1.cascade.local","GC/CASC-DC1.cascade.local/cascade.local","RestrictedKrbHost/CASC-DC1.cascade.local","RestrictedKrbHost/CASC-DC1","HOST/CASC-DC1/CASCADE","HOST/CASC-DC1.cascade.local/CASCADE","HOST/CASC-DC1","HOST/CASC-DC1.cascade.local","HOST/CASC-DC1.cascade.local/cascade.local","E3514235-4B06-11D1-AB04-00C04FC2DCD2/8bfc9a6c-6edc-45bd-9e27-251f9de2d5f7/cascade.local","ldap/CASC-DC1/CASCADE","ldap/8bfc9a6c-6edc-45bd-9e27-251f9de2d5f7._msdcs.cascade.local","ldap/CASC-DC1.cascade.local/CASCADE","ldap/CASC-DC1","ldap/CASC-DC1.cascade.local","ldap/CASC-DC1.cascade.local/cascade.local"],"operatingsystem":"Windows Server 2008 R2 Standard Service Pack 1","description":null},"Name":"CASC-DC1.CASCADE.LOCAL","PrimaryGroup":"DOMAIN CONTROLLERS@CASCADE.LOCAL","LocalAdmins":[{"Name":"ADMINISTRATOR@CASCADE.LOCAL","Type":"User"},{"Name":"ENTERPRISE ADMINS@CASCADE.LOCAL","Type":"Group"},{"Name":"DOMAIN ADMINS@CASCADE.LOCAL","Type":"Group"}],"RemoteDesktopUsers":[],"DcomUsers":[],"AllowedToDelegate":[],"AllowedToAct":null,"Aces":[{"PrincipalName":"DOMAIN ADMINS@CASCADE.LOCAL","PrincipalType":"group","RightName":"Owner","AceType":""},{"PrincipalName":"DOMAIN ADMINS@CASCADE.LOCAL","PrincipalType":"group","RightName":"GenericAll","AceType":""},{"PrincipalName":"ENTERPRISE ADMINS@CASCADE.LOCAL","PrincipalType":"group","RightName":"GenericAll","AceType":""},{"PrincipalName":"ADMINISTRATORS@CASCADE.LOCAL","PrincipalType":"group","RightName":"GenericWrite","AceType":""},{"PrincipalName":"ADMINISTRATORS@CASCADE.LOCAL","PrincipalType":"group","RightName":"WriteDacl","AceType":""},{"PrincipalName":"ADMINISTRATORS@CASCADE.LOCAL","PrincipalType":"group","RightName":"WriteOwner","AceType":""}]}],"meta":{"count":1,"type":"computers"}}