﻿{"groups":[{"Properties":{"highvalue":true,"domain":"CASCADE.LOCAL","objectsid":"S-1-5-32-551","admincount":true,"description":"Backup Operators can override security restrictions for the sole purpose of backing up or restoring files"},"Name":"BACKUP OPERATORS@CASCADE.LOCAL","Aces":[{"PrincipalName":"DOMAIN ADMINS@CASCADE.LOCAL","PrincipalType":"group","RightName":"Owner","AceType":""},{"PrincipalName":"ADMINISTRATORS@CASCADE.LOCAL","PrincipalType":"group","RightName":"GenericWrite","AceType":""},{"PrincipalName":"ADMINISTRATORS@CASCADE.LOCAL","PrincipalType":"group","RightName":"WriteDacl","AceType":""},{"PrincipalName":"ADMINISTRATORS@CASCADE.LOCAL","PrincipalType":"group","RightName":"WriteOwner","AceType":""},{"PrincipalName":"DOMAIN ADMINS@CASCADE.LOCAL","PrincipalType":"group","RightName":"GenericWrite","AceType":""},{"PrincipalName":"DOMAIN ADMINS@CASCADE.LOCAL","PrincipalType":"group","RightName":"WriteDacl","AceType":""},{"PrincipalName":"DOMAIN ADMINS@CASCADE.LOCAL","PrincipalType":"group","RightName":"WriteOwner","AceType":""},{"PrincipalName":"ENTERPRISE ADMINS@CASCADE.LOCAL","PrincipalType":"group","RightName":"GenericWrite","AceType":""},{"PrincipalName":"ENTERPRISE ADMINS@CASCADE.LOCAL","PrincipalType":"group","RightName":"WriteDacl","AceType":""},{"PrincipalName":"ENTERPRISE ADMINS@CASCADE.LOCAL","PrincipalType":"group","RightName":"WriteOwner","AceType":""}],"Members":[]},{"Properties":{"highvalue":true,"domain":"CASCADE.LOCAL","objectsid":"S-1-5-32-544","admincount":true,"description":"Administrators have complete and unrestricted access to the computer/domain"},"Name":"ADMINISTRATORS@CASCADE.LOCAL","Aces":[{"PrincipalName":"DOMAIN ADMINS@CASCADE.LOCAL","PrincipalType":"group","RightName":"Owner","AceType":""},{"PrincipalName":"ADMINISTRATORS@CASCADE.LOCAL","PrincipalType":"group","RightName":"GenericWrite","AceType":""},{"PrincipalName":"ADMINISTRATORS@CASCADE.LOCAL","PrincipalType":"group","RightName":"WriteDacl","AceType":""},{"PrincipalName":"ADMINISTRATORS@CASCADE.LOCAL","PrincipalType":"group","RightName":"WriteOwner","AceType":""},{"PrincipalName":"DOMAIN ADMINS@CASCADE.LOCAL","PrincipalType":"group","RightName":"GenericWrite","AceType":""},{"PrincipalName":"DOMAIN ADMINS@CASCADE.LOCAL","PrincipalType":"group","RightName":"WriteDacl","AceType":""},{"PrincipalName":"DOMAIN ADMINS@CASCADE.LOCAL","PrincipalType":"group","RightName":"WriteOwner","AceType":""},{"PrincipalName":"ENTERPRISE ADMINS@CASCADE.LOCAL","PrincipalType":"group","RightName":"GenericWrite","AceType":""},{"PrincipalName":"ENTERPRISE ADMINS@CASCADE.LOCAL","PrincipalType":"group","RightName":"WriteDacl","AceType":""},{"PrincipalName":"ENTERPRISE ADMINS@CASCADE.LOCAL","PrincipalType":"group","RightName":"WriteOwner","AceType":""}],"Members":[{"MemberName":"DOMAIN ADMINS@CASCADE.LOCAL","MemberType":"group"},{"MemberName":"ENTERPRISE ADMINS@CASCADE.LOCAL","MemberType":"group"},{"MemberName":"ADMINISTRATOR@CASCADE.LOCAL","MemberType":"user"}]},{"Properties":{"highvalue":true,"domain":"CASCADE.LOCAL","objectsid":"S-1-5-32-550","admincount":true,"description":"Members can administer domain printers"},"Name":"PRINT OPERATORS@CASCADE.LOCAL","Aces":[{"PrincipalName":"DOMAIN ADMINS@CASCADE.LOCAL","PrincipalType":"group","RightName":"Owner","AceType":""},{"PrincipalName":"ADMINISTRATORS@CASCADE.LOCAL","PrincipalType":"group","RightName":"GenericWrite","AceType":""},{"PrincipalName":"ADMINISTRATORS@CASCADE.LOCAL","PrincipalType":"group","RightName":"WriteDacl","AceType":""},{"PrincipalName":"ADMINISTRATORS@CASCADE.LOCAL","PrincipalType":"group","RightName":"WriteOwner","AceType":""},{"PrincipalName":"DOMAIN ADMINS@CASCADE.LOCAL","PrincipalType":"group","RightName":"GenericWrite","AceType":""},{"PrincipalName":"DOMAIN ADMINS@CASCADE.LOCAL","PrincipalType":"group","RightName":"WriteDacl","AceType":""},{"PrincipalName":"DOMAIN ADMINS@CASCADE.LOCAL","PrincipalType":"group","RightName":"WriteOwner","AceType":""},{"PrincipalName":"ENTERPRISE ADMINS@CASCADE.LOCAL","PrincipalType":"group","RightName":"GenericWrite","AceType":""},{"PrincipalName":"ENTERPRISE ADMINS@CASCADE.LOCAL","PrincipalType":"group","RightName":"WriteDacl","AceType":""},{"PrincipalName":"ENTERPRISE ADMINS@CASCADE.LOCAL","PrincipalType":"group","RightName":"WriteOwner","AceType":""}],"Members":[]},{"Properties":{"highvalue":false,"domain":"CASCADE.LOCAL","objectsid":"S-1-5-32-552","admincount":true,"description":"Supports file replication in a domain"},"Name":"REPLICATORS@CASCADE.LOCAL","Aces":[{"PrincipalName":"DOMAIN ADMINS@CASCADE.LOCAL","PrincipalType":"group","RightName":"Owner","AceType":""},{"PrincipalName":"ADMINISTRATORS@CASCADE.LOCAL","PrincipalType":"group","RightName":"GenericWrite","AceType":""},{"PrincipalName":"ADMINISTRATORS@CASCADE.LOCAL","PrincipalType":"group","RightName":"WriteDacl","AceType":""},{"PrincipalName":"ADMINISTRATORS@CASCADE.LOCAL","PrincipalType":"group","RightName":"WriteOwner","AceType":""},{"PrincipalName":"DOMAIN ADMINS@CASCADE.LOCAL","PrincipalType":"group","RightName":"GenericWrite","AceType":""},{"PrincipalName":"DOMAIN ADMINS@CASCADE.LOCAL","PrincipalType":"group","RightName":"WriteDacl","AceType":""},{"PrincipalName":"DOMAIN ADMINS@CASCADE.LOCAL","PrincipalType":"group","RightName":"WriteOwner","AceType":""},{"PrincipalName":"ENTERPRISE ADMINS@CASCADE.LOCAL","PrincipalType":"group","RightName":"GenericWrite","AceType":""},{"PrincipalName":"ENTERPRISE ADMINS@CASCADE.LOCAL","PrincipalType":"group","RightName":"WriteDacl","AceType":""},{"PrincipalName":"ENTERPRISE ADMINS@CASCADE.LOCAL","PrincipalType":"group","RightName":"WriteOwner","AceType":""}],"Members":[]},{"Properties":{"highvalue":false,"domain":"CASCADE.LOCAL","objectsid":"S-1-5-32-558","admincount":false,"description":"Members of this group can access performance counter data locally and remotely"},"Name":"PERFORMANCE MONITOR USERS@CASCADE.LOCAL","Aces":[{"PrincipalName":"ADMINISTRATORS@CASCADE.LOCAL","PrincipalType":"group","RightName":"Owner","AceType":""},{"PrincipalName":"ACCOUNT OPERATORS@CASCADE.LOCAL","PrincipalType":"group","RightName":"GenericAll","AceType":""},{"PrincipalName":"DOMAIN ADMINS@CASCADE.LOCAL","PrincipalType":"group","RightName":"GenericAll","AceType":""},{"PrincipalName":"ENTERPRISE ADMINS@CASCADE.LOCAL","PrincipalType":"group","RightName":"GenericAll","AceType":""},{"PrincipalName":"ADMINISTRATORS@CASCADE.LOCAL","PrincipalType":"group","RightName":"GenericWrite","AceType":""},{"PrincipalName":"ADMINISTRATORS@CASCADE.LOCAL","PrincipalType":"group","RightName":"WriteDacl","AceType":""},{"PrincipalName":"ADMINISTRATORS@CASCADE.LOCAL","PrincipalType":"group","RightName":"WriteOwner","AceType":""}],"Members":[]},{"Properties":{"highvalue":false,"domain":"CASCADE.LOCAL","objectsid":"S-1-5-32-568","admincount":false,"description":"Built-in group used by Internet Information Services."},"Name":"IIS_IUSRS@CASCADE.LOCAL","Aces":[{"PrincipalName":"ADMINISTRATORS@CASCADE.LOCAL","PrincipalType":"group","RightName":"Owner","AceType":""},{"PrincipalName":"ACCOUNT OPERATORS@CASCADE.LOCAL","PrincipalType":"group","RightName":"GenericAll","AceType":""},{"PrincipalName":"DOMAIN ADMINS@CASCADE.LOCAL","PrincipalType":"group","RightName":"GenericAll","AceType":""},{"PrincipalName":"ENTERPRISE ADMINS@CASCADE.LOCAL","PrincipalType":"group","RightName":"GenericAll","AceType":""},{"PrincipalName":"ADMINISTRATORS@CASCADE.LOCAL","PrincipalType":"group","RightName":"GenericWrite","AceType":""},{"PrincipalName":"ADMINISTRATORS@CASCADE.LOCAL","PrincipalType":"group","RightName":"WriteDacl","AceType":""},{"PrincipalName":"ADMINISTRATORS@CASCADE.LOCAL","PrincipalType":"group","RightName":"WriteOwner","AceType":""}],"Members":[]},{"Properties":{"highvalue":false,"domain":"CASCADE.LOCAL","objectsid":"S-1-5-32-555","admincount":false,"description":"Members in this group are granted the right to logon remotely"},"Name":"REMOTE DESKTOP USERS@CASCADE.LOCAL","Aces":[{"PrincipalName":"ADMINISTRATORS@CASCADE.LOCAL","PrincipalType":"group","RightName":"Owner","AceType":""},{"PrincipalName":"ACCOUNT OPERATORS@CASCADE.LOCAL","PrincipalType":"group","RightName":"GenericAll","AceType":""},{"PrincipalName":"DOMAIN ADMINS@CASCADE.LOCAL","PrincipalType":"group","RightName":"GenericAll","AceType":""},{"PrincipalName":"ENTERPRISE ADMINS@CASCADE.LOCAL","PrincipalType":"group","RightName":"GenericAll","AceType":""},{"PrincipalName":"ADMINISTRATORS@CASCADE.LOCAL","PrincipalType":"group","RightName":"GenericWrite","AceType":""},{"PrincipalName":"ADMINISTRATORS@CASCADE.LOCAL","PrincipalType":"group","RightName":"WriteDacl","AceType":""},{"PrincipalName":"ADMINISTRATORS@CASCADE.LOCAL","PrincipalType":"group","RightName":"WriteOwner","AceType":""}],"Members":[]},{"Properties":{"highvalue":false,"domain":"CASCADE.LOCAL","objectsid":"S-1-5-32-562","admincount":false,"description":"Members are allowed to launch, activate and use Distributed COM objects on this machine."},"Name":"DISTRIBUTED COM USERS@CASCADE.LOCAL","Aces":[{"PrincipalName":"ADMINISTRATORS@CASCADE.LOCAL","PrincipalType":"group","RightName":"Owner","AceType":""},{"PrincipalName":"ACCOUNT OPERATORS@CASCADE.LOCAL","PrincipalType":"group","RightName":"GenericAll","AceType":""},{"PrincipalName":"DOMAIN ADMINS@CASCADE.LOCAL","PrincipalType":"group","RightName":"GenericAll","AceType":""},{"PrincipalName":"ENTERPRISE ADMINS@CASCADE.LOCAL","PrincipalType":"group","RightName":"GenericAll","AceType":""},{"PrincipalName":"ADMINISTRATORS@CASCADE.LOCAL","PrincipalType":"group","RightName":"GenericWrite","AceType":""},{"PrincipalName":"ADMINISTRATORS@CASCADE.LOCAL","PrincipalType":"group","RightName":"WriteDacl","AceType":""},{"PrincipalName":"ADMINISTRATORS@CASCADE.LOCAL","PrincipalType":"group","RightName":"WriteOwner","AceType":""}],"Members":[]},{"Properties":{"highvalue":true,"domain":"CASCADE.LOCAL","objectsid":"S-1-5-32-549","admincount":true,"description":"Members can administer domain servers"},"Name":"SERVER OPERATORS@CASCADE.LOCAL","Aces":[{"PrincipalName":"DOMAIN ADMINS@CASCADE.LOCAL","PrincipalType":"group","RightName":"Owner","AceType":""},{"PrincipalName":"ADMINISTRATORS@CASCADE.LOCAL","PrincipalType":"group","RightName":"GenericWrite","AceType":""},{"PrincipalName":"ADMINISTRATORS@CASCADE.LOCAL","PrincipalType":"group","RightName":"WriteDacl","AceType":""},{"PrincipalName":"ADMINISTRATORS@CASCADE.LOCAL","PrincipalType":"group","RightName":"WriteOwner","AceType":""},{"PrincipalName":"DOMAIN ADMINS@CASCADE.LOCAL","PrincipalType":"group","RightName":"GenericWrite","AceType":""},{"PrincipalName":"DOMAIN ADMINS@CASCADE.LOCAL","PrincipalType":"group","RightName":"WriteDacl","AceType":""},{"PrincipalName":"DOMAIN ADMINS@CASCADE.LOCAL","PrincipalType":"group","RightName":"WriteOwner","AceType":""},{"PrincipalName":"ENTERPRISE ADMINS@CASCADE.LOCAL","PrincipalType":"group","RightName":"GenericWrite","AceType":""},{"PrincipalName":"ENTERPRISE ADMINS@CASCADE.LOCAL","PrincipalType":"group","RightName":"WriteDacl","AceType":""},{"PrincipalName":"ENTERPRISE ADMINS@CASCADE.LOCAL","PrincipalType":"group","RightName":"WriteOwner","AceType":""}],"Members":[]},{"Properties":{"highvalue":true,"domain":"CASCADE.LOCAL","objectsid":"S-1-5-32-548","admincount":true,"description":"Members can administer domain user and group accounts"},"Name":"ACCOUNT OPERATORS@CASCADE.LOCAL","Aces":[{"PrincipalName":"DOMAIN ADMINS@CASCADE.LOCAL","PrincipalType":"group","RightName":"Owner","AceType":""},{"PrincipalName":"ADMINISTRATORS@CASCADE.LOCAL","PrincipalType":"group","RightName":"GenericWrite","AceType":""},{"PrincipalName":"ADMINISTRATORS@CASCADE.LOCAL","PrincipalType":"group","RightName":"WriteDacl","AceType":""},{"PrincipalName":"ADMINISTRATORS@CASCADE.LOCAL","PrincipalType":"group","RightName":"WriteOwner","AceType":""},{"PrincipalName":"DOMAIN ADMINS@CASCADE.LOCAL","PrincipalType":"group","RightName":"GenericWrite","AceType":""},{"PrincipalName":"DOMAIN ADMINS@CASCADE.LOCAL","PrincipalType":"group","RightName":"WriteDacl","AceType":""},{"PrincipalName":"DOMAIN ADMINS@CASCADE.LOCAL","PrincipalType":"group","RightName":"WriteOwner","AceType":""},{"PrincipalName":"ENTERPRISE ADMINS@CASCADE.LOCAL","PrincipalType":"group","RightName":"GenericWrite","AceType":""},{"PrincipalName":"ENTERPRISE ADMINS@CASCADE.LOCAL","PrincipalType":"group","RightName":"WriteDacl","AceType":""},{"PrincipalName":"ENTERPRISE ADMINS@CASCADE.LOCAL","PrincipalType":"group","RightName":"WriteOwner","AceType":""}],"Members":[]},{"Properties":{"highvalue":false,"domain":"CASCADE.LOCAL","objectsid":"S-1-5-32-559","admincount":false,"description":"Members of this group may schedule logging of performance counters, enable trace providers, and collect event traces both locally and via remote access to this computer"},"Name":"PERFORMANCE LOG USERS@CASCADE.LOCAL","Aces":[{"PrincipalName":"ADMINISTRATORS@CASCADE.LOCAL","PrincipalType":"group","RightName":"Owner","AceType":""},{"PrincipalName":"ACCOUNT OPERATORS@CASCADE.LOCAL","PrincipalType":"group","RightName":"GenericAll","AceType":""},{"PrincipalName":"DOMAIN ADMINS@CASCADE.LOCAL","PrincipalType":"group","RightName":"GenericAll","AceType":""},{"PrincipalName":"ENTERPRISE ADMINS@CASCADE.LOCAL","PrincipalType":"group","RightName":"GenericAll","AceType":""},{"PrincipalName":"ADMINISTRATORS@CASCADE.LOCAL","PrincipalType":"group","RightName":"GenericWrite","AceType":""},{"PrincipalName":"ADMINISTRATORS@CASCADE.LOCAL","PrincipalType":"group","RightName":"WriteDacl","AceType":""},{"PrincipalName":"ADMINISTRATORS@CASCADE.LOCAL","PrincipalType":"group","RightName":"WriteOwner","AceType":""}],"Members":[]},{"Properties":{"highvalue":false,"domain":"CASCADE.LOCAL","objectsid":"S-1-5-32-546","admincount":false,"description":"Guests have the same access as members of the Users group by default, except for the Guest account which is further restricted"},"Name":"GUESTS@CASCADE.LOCAL","Aces":[{"PrincipalName":"ADMINISTRATORS@CASCADE.LOCAL","PrincipalType":"group","RightName":"Owner","AceType":""},{"PrincipalName":"ACCOUNT OPERATORS@CASCADE.LOCAL","PrincipalType":"group","RightName":"GenericAll","AceType":""},{"PrincipalName":"DOMAIN ADMINS@CASCADE.LOCAL","PrincipalType":"group","RightName":"GenericAll","AceType":""},{"PrincipalName":"ENTERPRISE ADMINS@CASCADE.LOCAL","PrincipalType":"group","RightName":"GenericAll","AceType":""},{"PrincipalName":"ADMINISTRATORS@CASCADE.LOCAL","PrincipalType":"group","RightName":"GenericWrite","AceType":""},{"PrincipalName":"ADMINISTRATORS@CASCADE.LOCAL","PrincipalType":"group","RightName":"WriteDacl","AceType":""},{"PrincipalName":"ADMINISTRATORS@CASCADE.LOCAL","PrincipalType":"group","RightName":"WriteOwner","AceType":""}],"Members":[{"MemberName":"DOMAIN GUESTS@CASCADE.LOCAL","MemberType":"group"},{"MemberName":"CASCGUEST@CASCADE.LOCAL","MemberType":"user"}]},{"Properties":{"highvalue":false,"domain":"CASCADE.LOCAL","objectsid":"S-1-5-32-569","admincount":false,"description":"Members are authorized to perform cryptographic operations."},"Name":"CRYPTOGRAPHIC OPERATORS@CASCADE.LOCAL","Aces":[{"PrincipalName":"ADMINISTRATORS@CASCADE.LOCAL","PrincipalType":"group","RightName":"Owner","AceType":""},{"PrincipalName":"ACCOUNT OPERATORS@CASCADE.LOCAL","PrincipalType":"group","RightName":"GenericAll","AceType":""},{"PrincipalName":"DOMAIN ADMINS@CASCADE.LOCAL","PrincipalType":"group","RightName":"GenericAll","AceType":""},{"PrincipalName":"ENTERPRISE ADMINS@CASCADE.LOCAL","PrincipalType":"group","RightName":"GenericAll","AceType":""},{"PrincipalName":"ADMINISTRATORS@CASCADE.LOCAL","PrincipalType":"group","RightName":"GenericWrite","AceType":""},{"PrincipalName":"ADMINISTRATORS@CASCADE.LOCAL","PrincipalType":"group","RightName":"WriteDacl","AceType":""},{"PrincipalName":"ADMINISTRATORS@CASCADE.LOCAL","PrincipalType":"group","RightName":"WriteOwner","AceType":""}],"Members":[]},{"Properties":{"highvalue":false,"domain":"CASCADE.LOCAL","objectsid":"S-1-5-32-556","admincount":false,"description":"Members in this group can have some administrative privileges to manage configuration of networking features"},"Name":"NETWORK CONFIGURATION OPERATORS@CASCADE.LOCAL","Aces":[{"PrincipalName":"ADMINISTRATORS@CASCADE.LOCAL","PrincipalType":"group","RightName":"Owner","AceType":""},{"PrincipalName":"ACCOUNT OPERATORS@CASCADE.LOCAL","PrincipalType":"group","RightName":"GenericAll","AceType":""},{"PrincipalName":"DOMAIN ADMINS@CASCADE.LOCAL","PrincipalType":"group","RightName":"GenericAll","AceType":""},{"PrincipalName":"ENTERPRISE ADMINS@CASCADE.LOCAL","PrincipalType":"group","RightName":"GenericAll","AceType":""},{"PrincipalName":"ADMINISTRATORS@CASCADE.LOCAL","PrincipalType":"group","RightName":"GenericWrite","AceType":""},{"PrincipalName":"ADMINISTRATORS@CASCADE.LOCAL","PrincipalType":"group","RightName":"WriteDacl","AceType":""},{"PrincipalName":"ADMINISTRATORS@CASCADE.LOCAL","PrincipalType":"group","RightName":"WriteOwner","AceType":""}],"Members":[]},{"Properties":{"highvalue":false,"domain":"CASCADE.LOCAL","objectsid":"S-1-5-32-545","admincount":false,"description":"Users are prevented from making accidental or intentional system-wide changes and can run most applications"},"Name":"USERS@CASCADE.LOCAL","Aces":[{"PrincipalName":"ADMINISTRATORS@CASCADE.LOCAL","PrincipalType":"group","RightName":"Owner","AceType":""},{"PrincipalName":"ACCOUNT OPERATORS@CASCADE.LOCAL","PrincipalType":"group","RightName":"GenericAll","AceType":""},{"PrincipalName":"DOMAIN ADMINS@CASCADE.LOCAL","PrincipalType":"group","RightName":"GenericAll","AceType":""},{"PrincipalName":"ENTERPRISE ADMINS@CASCADE.LOCAL","PrincipalType":"group","RightName":"GenericAll","AceType":""},{"PrincipalName":"ADMINISTRATORS@CASCADE.LOCAL","PrincipalType":"group","RightName":"GenericWrite","AceType":""},{"PrincipalName":"ADMINISTRATORS@CASCADE.LOCAL","PrincipalType":"group","RightName":"WriteDacl","AceType":""},{"PrincipalName":"ADMINISTRATORS@CASCADE.LOCAL","PrincipalType":"group","RightName":"WriteOwner","AceType":""}],"Members":[{"MemberName":"DOMAIN USERS@CASCADE.LOCAL","MemberType":"group"},{"MemberName":"AUTHENTICATED USERS@CASCADE.LOCAL","MemberType":"group"},{"MemberName":"INTERACTIVE@CASCADE.LOCAL","MemberType":"group"}]},{"Properties":{"highvalue":false,"domain":"CASCADE.LOCAL","objectsid":"S-1-5-32-573","admincount":false,"description":"Members of this group can read event logs from local machine"},"Name":"EVENT LOG READERS@CASCADE.LOCAL","Aces":[{"PrincipalName":"ADMINISTRATORS@CASCADE.LOCAL","PrincipalType":"group","RightName":"Owner","AceType":""},{"PrincipalName":"ACCOUNT OPERATORS@CASCADE.LOCAL","PrincipalType":"group","RightName":"GenericAll","AceType":""},{"PrincipalName":"DOMAIN ADMINS@CASCADE.LOCAL","PrincipalType":"group","RightName":"GenericAll","AceType":""},{"PrincipalName":"ENTERPRISE ADMINS@CASCADE.LOCAL","PrincipalType":"group","RightName":"GenericAll","AceType":""},{"PrincipalName":"ADMINISTRATORS@CASCADE.LOCAL","PrincipalType":"group","RightName":"GenericWrite","AceType":""},{"PrincipalName":"ADMINISTRATORS@CASCADE.LOCAL","PrincipalType":"group","RightName":"WriteDacl","AceType":""},{"PrincipalName":"ADMINISTRATORS@CASCADE.LOCAL","PrincipalType":"group","RightName":"WriteOwner","AceType":""}],"Members":[]},{"Properties":{"highvalue":false,"domain":"CASCADE.LOCAL","objectsid":"S-1-5-32-554","admincount":false,"description":"A backward compatibility group which allows read access on all users and groups in the domain"},"Name":"PRE-WINDOWS 2000 COMPATIBLE ACCESS@CASCADE.LOCAL","Aces":[{"PrincipalName":"DOMAIN ADMINS@CASCADE.LOCAL","PrincipalType":"group","RightName":"Owner","AceType":""},{"PrincipalName":"ACCOUNT OPERATORS@CASCADE.LOCAL","PrincipalType":"group","RightName":"GenericAll","AceType":""},{"PrincipalName":"DOMAIN ADMINS@CASCADE.LOCAL","PrincipalType":"group","RightName":"GenericAll","AceType":""},{"PrincipalName":"ENTERPRISE ADMINS@CASCADE.LOCAL","PrincipalType":"group","RightName":"GenericAll","AceType":""},{"PrincipalName":"ADMINISTRATORS@CASCADE.LOCAL","PrincipalType":"group","RightName":"GenericWrite","AceType":""},{"PrincipalName":"ADMINISTRATORS@CASCADE.LOCAL","PrincipalType":"group","RightName":"WriteDacl","AceType":""},{"PrincipalName":"ADMINISTRATORS@CASCADE.LOCAL","PrincipalType":"group","RightName":"WriteOwner","AceType":""}],"Members":[{"MemberName":"AUTHENTICATED USERS@CASCADE.LOCAL","MemberType":"group"}]},{"Properties":{"highvalue":false,"domain":"CASCADE.LOCAL","objectsid":"S-1-5-21-3332504370-1206983947-1165150453-517","admincount":false,"description":"Members of this group are permitted to publish certificates to the directory"},"Name":"CERT PUBLISHERS@CASCADE.LOCAL","Aces":[{"PrincipalName":"DOMAIN ADMINS@CASCADE.LOCAL","PrincipalType":"group","RightName":"Owner","AceType":""},{"PrincipalName":"ACCOUNT OPERATORS@CASCADE.LOCAL","PrincipalType":"group","RightName":"GenericAll","AceType":""},{"PrincipalName":"DOMAIN ADMINS@CASCADE.LOCAL","PrincipalType":"group","RightName":"GenericAll","AceType":""},{"PrincipalName":"ENTERPRISE ADMINS@CASCADE.LOCAL","PrincipalType":"group","RightName":"GenericAll","AceType":""},{"PrincipalName":"ADMINISTRATORS@CASCADE.LOCAL","PrincipalType":"group","RightName":"GenericWrite","AceType":""},{"PrincipalName":"ADMINISTRATORS@CASCADE.LOCAL","PrincipalType":"group","RightName":"WriteDacl","AceType":""},{"PrincipalName":"ADMINISTRATORS@CASCADE.LOCAL","PrincipalType":"group","RightName":"WriteOwner","AceType":""}],"Members":[]},{"Properties":{"highvalue":false,"domain":"CASCADE.LOCAL","objectsid":"S-1-5-32-560","admincount":false,"description":"Members of this group have access to the computed tokenGroupsGlobalAndUniversal attribute on User objects"},"Name":"WINDOWS AUTHORIZATION ACCESS GROUP@CASCADE.LOCAL","Aces":[{"PrincipalName":"DOMAIN ADMINS@CASCADE.LOCAL","PrincipalType":"group","RightName":"Owner","AceType":""},{"PrincipalName":"ACCOUNT OPERATORS@CASCADE.LOCAL","PrincipalType":"group","RightName":"GenericAll","AceType":""},{"PrincipalName":"DOMAIN ADMINS@CASCADE.LOCAL","PrincipalType":"group","RightName":"GenericAll","AceType":""},{"PrincipalName":"ENTERPRISE ADMINS@CASCADE.LOCAL","PrincipalType":"group","RightName":"GenericAll","AceType":""},{"PrincipalName":"ADMINISTRATORS@CASCADE.LOCAL","PrincipalType":"group","RightName":"GenericWrite","AceType":""},{"PrincipalName":"ADMINISTRATORS@CASCADE.LOCAL","PrincipalType":"group","RightName":"WriteDacl","AceType":""},{"PrincipalName":"ADMINISTRATORS@CASCADE.LOCAL","PrincipalType":"group","RightName":"WriteOwner","AceType":""}],"Members":[{"MemberName":"ENTERPRISE DOMAIN CONTROLLERS@CASCADE.LOCAL","MemberType":"group"}]},{"Properties":{"highvalue":false,"domain":"CASCADE.LOCAL","objectsid":"S-1-5-32-561","admincount":false,"description":"Members of this group can update user accounts in Active Directory with information about license issuance, for the purpose of tracking and reporting TS Per User CAL usage"},"Name":"TERMINAL SERVER LICENSE SERVERS@CASCADE.LOCAL","Aces":[{"PrincipalName":"DOMAIN ADMINS@CASCADE.LOCAL","PrincipalType":"group","RightName":"Owner","AceType":""},{"PrincipalName":"ACCOUNT OPERATORS@CASCADE.LOCAL","PrincipalType":"group","RightName":"GenericAll","AceType":""},{"PrincipalName":"DOMAIN ADMINS@CASCADE.LOCAL","PrincipalType":"group","RightName":"GenericAll","AceType":""},{"PrincipalName":"ENTERPRISE ADMINS@CASCADE.LOCAL","PrincipalType":"group","RightName":"GenericAll","AceType":""},{"PrincipalName":"ADMINISTRATORS@CASCADE.LOCAL","PrincipalType":"group","RightName":"GenericWrite","AceType":""},{"PrincipalName":"ADMINISTRATORS@CASCADE.LOCAL","PrincipalType":"group","RightName":"WriteDacl","AceType":""},{"PrincipalName":"ADMINISTRATORS@CASCADE.LOCAL","PrincipalType":"group","RightName":"WriteOwner","AceType":""}],"Members":[]},{"Properties":{"highvalue":false,"domain":"CASCADE.LOCAL","objectsid":"S-1-5-21-3332504370-1206983947-1165150453-553","admincount":false,"description":"Servers in this group can access remote access properties of users"},"Name":"RAS AND IAS SERVERS@CASCADE.LOCAL","Aces":[{"PrincipalName":"DOMAIN ADMINS@CASCADE.LOCAL","PrincipalType":"group","RightName":"Owner","AceType":""},{"PrincipalName":"ACCOUNT OPERATORS@CASCADE.LOCAL","PrincipalType":"group","RightName":"GenericAll","AceType":""},{"PrincipalName":"DOMAIN ADMINS@CASCADE.LOCAL","PrincipalType":"group","RightName":"GenericAll","AceType":""},{"PrincipalName":"ENTERPRISE ADMINS@CASCADE.LOCAL","PrincipalType":"group","RightName":"GenericAll","AceType":""},{"PrincipalName":"ADMINISTRATORS@CASCADE.LOCAL","PrincipalType":"group","RightName":"GenericWrite","AceType":""},{"PrincipalName":"ADMINISTRATORS@CASCADE.LOCAL","PrincipalType":"group","RightName":"WriteDacl","AceType":""},{"PrincipalName":"ADMINISTRATORS@CASCADE.LOCAL","PrincipalType":"group","RightName":"WriteOwner","AceType":""}],"Members":[]},{"Properties":{"highvalue":false,"domain":"CASCADE.LOCAL","objectsid":"S-1-5-21-3332504370-1206983947-1165150453-572","admincount":false,"description":"Members in this group cannot have their passwords replicated to any read-only domain controllers in the domain"},"Name":"DENIED RODC PASSWORD REPLICATION GROUP@CASCADE.LOCAL","Aces":[{"PrincipalName":"DOMAIN ADMINS@CASCADE.LOCAL","PrincipalType":"group","RightName":"Owner","AceType":""},{"PrincipalName":"ACCOUNT OPERATORS@CASCADE.LOCAL","PrincipalType":"group","RightName":"GenericAll","AceType":""},{"PrincipalName":"DOMAIN ADMINS@CASCADE.LOCAL","PrincipalType":"group","RightName":"GenericAll","AceType":""},{"PrincipalName":"ENTERPRISE ADMINS@CASCADE.LOCAL","PrincipalType":"group","RightName":"GenericAll","AceType":""},{"PrincipalName":"ADMINISTRATORS@CASCADE.LOCAL","PrincipalType":"group","RightName":"GenericWrite","AceType":""},{"PrincipalName":"ADMINISTRATORS@CASCADE.LOCAL","PrincipalType":"group","RightName":"WriteDacl","AceType":""},{"PrincipalName":"ADMINISTRATORS@CASCADE.LOCAL","PrincipalType":"group","RightName":"WriteOwner","AceType":""}],"Members":[{"MemberName":"READ-ONLY DOMAIN CONTROLLERS@CASCADE.LOCAL","MemberType":"group"},{"MemberName":"GROUP POLICY CREATOR OWNERS@CASCADE.LOCAL","MemberType":"group"},{"MemberName":"DOMAIN ADMINS@CASCADE.LOCAL","MemberType":"group"},{"MemberName":"CERT PUBLISHERS@CASCADE.LOCAL","MemberType":"group"},{"MemberName":"ENTERPRISE ADMINS@CASCADE.LOCAL","MemberType":"group"},{"MemberName":"SCHEMA ADMINS@CASCADE.LOCAL","MemberType":"group"},{"MemberName":"DOMAIN CONTROLLERS@CASCADE.LOCAL","MemberType":"group"},{"MemberName":"KRBTGT@CASCADE.LOCAL","MemberType":"user"}]},{"Properties":{"highvalue":false,"domain":"CASCADE.LOCAL","objectsid":"S-1-5-32-557","admincount":false,"description":"Members of this group can create incoming, one-way trusts to this forest"},"Name":"INCOMING FOREST TRUST BUILDERS@CASCADE.LOCAL","Aces":[{"PrincipalName":"DOMAIN ADMINS@CASCADE.LOCAL","PrincipalType":"group","RightName":"Owner","AceType":""},{"PrincipalName":"ACCOUNT OPERATORS@CASCADE.LOCAL","PrincipalType":"group","RightName":"GenericAll","AceType":""},{"PrincipalName":"DOMAIN ADMINS@CASCADE.LOCAL","PrincipalType":"group","RightName":"GenericAll","AceType":""},{"PrincipalName":"ENTERPRISE ADMINS@CASCADE.LOCAL","PrincipalType":"group","RightName":"GenericAll","AceType":""},{"PrincipalName":"ADMINISTRATORS@CASCADE.LOCAL","PrincipalType":"group","RightName":"GenericWrite","AceType":""},{"PrincipalName":"ADMINISTRATORS@CASCADE.LOCAL","PrincipalType":"group","RightName":"WriteDacl","AceType":""},{"PrincipalName":"ADMINISTRATORS@CASCADE.LOCAL","PrincipalType":"group","RightName":"WriteOwner","AceType":""}],"Members":[]},{"Properties":{"highvalue":false,"domain":"CASCADE.LOCAL","objectsid":"S-1-5-21-3332504370-1206983947-1165150453-571","admincount":false,"description":"Members in this group can have their passwords replicated to all read-only domain controllers in the domain"},"Name":"ALLOWED RODC PASSWORD REPLICATION GROUP@CASCADE.LOCAL","Aces":[{"PrincipalName":"DOMAIN ADMINS@CASCADE.LOCAL","PrincipalType":"group","RightName":"Owner","AceType":""},{"PrincipalName":"ACCOUNT OPERATORS@CASCADE.LOCAL","PrincipalType":"group","RightName":"GenericAll","AceType":""},{"PrincipalName":"DOMAIN ADMINS@CASCADE.LOCAL","PrincipalType":"group","RightName":"GenericAll","AceType":""},{"PrincipalName":"ENTERPRISE ADMINS@CASCADE.LOCAL","PrincipalType":"group","RightName":"GenericAll","AceType":""},{"PrincipalName":"ADMINISTRATORS@CASCADE.LOCAL","PrincipalType":"group","RightName":"GenericWrite","AceType":""},{"PrincipalName":"ADMINISTRATORS@CASCADE.LOCAL","PrincipalType":"group","RightName":"WriteDacl","AceType":""},{"PrincipalName":"ADMINISTRATORS@CASCADE.LOCAL","PrincipalType":"group","RightName":"WriteOwner","AceType":""}],"Members":[]},{"Properties":{"highvalue":false,"domain":"CASCADE.LOCAL","objectsid":"S-1-5-21-3332504370-1206983947-1165150453-1102","admincount":false,"description":"DNS Administrators Group"},"Name":"DNSADMINS@CASCADE.LOCAL","Aces":[{"PrincipalName":"ACCOUNT OPERATORS@CASCADE.LOCAL","PrincipalType":"group","RightName":"GenericAll","AceType":""},{"PrincipalName":"DOMAIN ADMINS@CASCADE.LOCAL","PrincipalType":"group","RightName":"GenericAll","AceType":""},{"PrincipalName":"ENTERPRISE ADMINS@CASCADE.LOCAL","PrincipalType":"group","RightName":"GenericAll","AceType":""},{"PrincipalName":"ADMINISTRATORS@CASCADE.LOCAL","PrincipalType":"group","RightName":"GenericWrite","AceType":""},{"PrincipalName":"ADMINISTRATORS@CASCADE.LOCAL","PrincipalType":"group","RightName":"WriteDacl","AceType":""},{"PrincipalName":"ADMINISTRATORS@CASCADE.LOCAL","PrincipalType":"group","RightName":"WriteOwner","AceType":""}],"Members":[]},{"Properties":{"highvalue":false,"domain":"CASCADE.LOCAL","objectsid":"S-1-5-32-574","admincount":false,"description":"Members of this group are allowed to connect to Certification Authorities in the enterprise"},"Name":"CERTIFICATE SERVICE DCOM ACCESS@CASCADE.LOCAL","Aces":[{"PrincipalName":"ADMINISTRATORS@CASCADE.LOCAL","PrincipalType":"group","RightName":"Owner","AceType":""},{"PrincipalName":"ACCOUNT OPERATORS@CASCADE.LOCAL","PrincipalType":"group","RightName":"GenericAll","AceType":""},{"PrincipalName":"DOMAIN ADMINS@CASCADE.LOCAL","PrincipalType":"group","RightName":"GenericAll","AceType":""},{"PrincipalName":"ENTERPRISE ADMINS@CASCADE.LOCAL","PrincipalType":"group","RightName":"GenericAll","AceType":""},{"PrincipalName":"ADMINISTRATORS@CASCADE.LOCAL","PrincipalType":"group","RightName":"GenericWrite","AceType":""},{"PrincipalName":"ADMINISTRATORS@CASCADE.LOCAL","PrincipalType":"group","RightName":"WriteDacl","AceType":""},{"PrincipalName":"ADMINISTRATORS@CASCADE.LOCAL","PrincipalType":"group","RightName":"WriteOwner","AceType":""}],"Members":[]},{"Properties":{"highvalue":false,"domain":"CASCADE.LOCAL","objectsid":"S-1-5-21-3332504370-1206983947-1165150453-1113","admincount":false,"description":null},"Name":"IT@CASCADE.LOCAL","Aces":[{"PrincipalName":"DOMAIN ADMINS@CASCADE.LOCAL","PrincipalType":"group","RightName":"Owner","AceType":""},{"PrincipalName":"ACCOUNT OPERATORS@CASCADE.LOCAL","PrincipalType":"group","RightName":"GenericAll","AceType":""},{"PrincipalName":"DOMAIN ADMINS@CASCADE.LOCAL","PrincipalType":"group","RightName":"GenericAll","AceType":""},{"PrincipalName":"ENTERPRISE ADMINS@CASCADE.LOCAL","PrincipalType":"group","RightName":"GenericAll","AceType":""},{"PrincipalName":"ADMINISTRATORS@CASCADE.LOCAL","PrincipalType":"group","RightName":"GenericWrite","AceType":""},{"PrincipalName":"ADMINISTRATORS@CASCADE.LOCAL","PrincipalType":"group","RightName":"WriteDacl","AceType":""},{"PrincipalName":"ADMINISTRATORS@CASCADE.LOCAL","PrincipalType":"group","RightName":"WriteOwner","AceType":""}],"Members":[{"MemberName":"R.THOMPSON@CASCADE.LOCAL","MemberType":"user"},{"MemberName":"S.SMITH@CASCADE.LOCAL","MemberType":"user"},{"MemberName":"ARKSVC@CASCADE.LOCAL","MemberType":"user"}]},{"Properties":{"highvalue":false,"domain":"CASCADE.LOCAL","objectsid":"S-1-5-21-3332504370-1206983947-1165150453-1114","admincount":false,"description":null},"Name":"PRODUCTION@CASCADE.LOCAL","Aces":[{"PrincipalName":"DOMAIN ADMINS@CASCADE.LOCAL","PrincipalType":"group","RightName":"Owner","AceType":""},{"PrincipalName":"ACCOUNT OPERATORS@CASCADE.LOCAL","PrincipalType":"group","RightName":"GenericAll","AceType":""},{"PrincipalName":"DOMAIN ADMINS@CASCADE.LOCAL","PrincipalType":"group","RightName":"GenericAll","AceType":""},{"PrincipalName":"ENTERPRISE ADMINS@CASCADE.LOCAL","PrincipalType":"group","RightName":"GenericAll","AceType":""},{"PrincipalName":"ADMINISTRATORS@CASCADE.LOCAL","PrincipalType":"group","RightName":"GenericWrite","AceType":""},{"PrincipalName":"ADMINISTRATORS@CASCADE.LOCAL","PrincipalType":"group","RightName":"WriteDacl","AceType":""},{"PrincipalName":"ADMINISTRATORS@CASCADE.LOCAL","PrincipalType":"group","RightName":"WriteOwner","AceType":""}],"Members":[]},{"Properties":{"highvalue":false,"domain":"CASCADE.LOCAL","objectsid":"S-1-5-21-3332504370-1206983947-1165150453-1120","admincount":false,"description":null},"Name":"BACKUP@CASCADE.LOCAL","Aces":[{"PrincipalName":"DOMAIN ADMINS@CASCADE.LOCAL","PrincipalType":"group","RightName":"Owner","AceType":""},{"PrincipalName":"ACCOUNT OPERATORS@CASCADE.LOCAL","PrincipalType":"group","RightName":"GenericAll","AceType":""},{"PrincipalName":"DOMAIN ADMINS@CASCADE.LOCAL","PrincipalType":"group","RightName":"GenericAll","AceType":""},{"PrincipalName":"ENTERPRISE ADMINS@CASCADE.LOCAL","PrincipalType":"group","RightName":"GenericAll","AceType":""},{"PrincipalName":"ADMINISTRATORS@CASCADE.LOCAL","PrincipalType":"group","RightName":"GenericWrite","AceType":""},{"PrincipalName":"ADMINISTRATORS@CASCADE.LOCAL","PrincipalType":"group","RightName":"WriteDacl","AceType":""},{"PrincipalName":"ADMINISTRATORS@CASCADE.LOCAL","PrincipalType":"group","RightName":"WriteOwner","AceType":""}],"Members":[]},{"Properties":{"highvalue":false,"domain":"CASCADE.LOCAL","objectsid":"S-1-5-21-3332504370-1206983947-1165150453-1123","admincount":false,"description":null},"Name":"TEMPS@CASCADE.LOCAL","Aces":[{"PrincipalName":"DOMAIN ADMINS@CASCADE.LOCAL","PrincipalType":"group","RightName":"Owner","AceType":""},{"PrincipalName":"ACCOUNT OPERATORS@CASCADE.LOCAL","PrincipalType":"group","RightName":"GenericAll","AceType":""},{"PrincipalName":"DOMAIN ADMINS@CASCADE.LOCAL","PrincipalType":"group","RightName":"GenericAll","AceType":""},{"PrincipalName":"ENTERPRISE ADMINS@CASCADE.LOCAL","PrincipalType":"group","RightName":"GenericAll","AceType":""},{"PrincipalName":"ADMINISTRATORS@CASCADE.LOCAL","PrincipalType":"group","RightName":"GenericWrite","AceType":""},{"PrincipalName":"ADMINISTRATORS@CASCADE.LOCAL","PrincipalType":"group","RightName":"WriteDacl","AceType":""},{"PrincipalName":"ADMINISTRATORS@CASCADE.LOCAL","PrincipalType":"group","RightName":"WriteOwner","AceType":""}],"Members":[]},{"Properties":{"highvalue":false,"domain":"CASCADE.LOCAL","objectsid":"S-1-5-21-3332504370-1206983947-1165150453-1115","admincount":false,"description":null},"Name":"HR@CASCADE.LOCAL","Aces":[{"PrincipalName":"DOMAIN ADMINS@CASCADE.LOCAL","PrincipalType":"group","RightName":"Owner","AceType":""},{"PrincipalName":"ACCOUNT OPERATORS@CASCADE.LOCAL","PrincipalType":"group","RightName":"GenericAll","AceType":""},{"PrincipalName":"DOMAIN ADMINS@CASCADE.LOCAL","PrincipalType":"group","RightName":"GenericAll","AceType":""},{"PrincipalName":"ENTERPRISE ADMINS@CASCADE.LOCAL","PrincipalType":"group","RightName":"GenericAll","AceType":""},{"PrincipalName":"ADMINISTRATORS@CASCADE.LOCAL","PrincipalType":"group","RightName":"GenericWrite","AceType":""},{"PrincipalName":"ADMINISTRATORS@CASCADE.LOCAL","PrincipalType":"group","RightName":"WriteDacl","AceType":""},{"PrincipalName":"ADMINISTRATORS@CASCADE.LOCAL","PrincipalType":"group","RightName":"WriteOwner","AceType":""}],"Members":[{"MemberName":"S.HICKSON@CASCADE.LOCAL","MemberType":"user"}]},{"Properties":{"highvalue":false,"domain":"CASCADE.LOCAL","objectsid":"S-1-5-21-3332504370-1206983947-1165150453-1119","admincount":false,"description":null},"Name":"AD RECYCLE BIN@CASCADE.LOCAL","Aces":[{"PrincipalName":"DOMAIN ADMINS@CASCADE.LOCAL","PrincipalType":"group","RightName":"Owner","AceType":""},{"PrincipalName":"ACCOUNT OPERATORS@CASCADE.LOCAL","PrincipalType":"group","RightName":"GenericAll","AceType":""},{"PrincipalName":"DOMAIN ADMINS@CASCADE.LOCAL","PrincipalType":"group","RightName":"GenericAll","AceType":""},{"PrincipalName":"ENTERPRISE ADMINS@CASCADE.LOCAL","PrincipalType":"group","RightName":"GenericAll","AceType":""},{"PrincipalName":"ADMINISTRATORS@CASCADE.LOCAL","PrincipalType":"group","RightName":"GenericWrite","AceType":""},{"PrincipalName":"ADMINISTRATORS@CASCADE.LOCAL","PrincipalType":"group","RightName":"WriteDacl","AceType":""},{"PrincipalName":"ADMINISTRATORS@CASCADE.LOCAL","PrincipalType":"group","RightName":"WriteOwner","AceType":""}],"Members":[{"MemberName":"ARKSVC@CASCADE.LOCAL","MemberType":"user"}]},{"Properties":{"highvalue":false,"domain":"CASCADE.LOCAL","objectsid":"S-1-5-21-3332504370-1206983947-1165150453-1126","admincount":false,"description":null},"Name":"REMOTE MANAGEMENT USERS@CASCADE.LOCAL","Aces":[{"PrincipalName":"DOMAIN ADMINS@CASCADE.LOCAL","PrincipalType":"group","RightName":"Owner","AceType":""},{"PrincipalName":"ACCOUNT OPERATORS@CASCADE.LOCAL","PrincipalType":"group","RightName":"GenericAll","AceType":""},{"PrincipalName":"DOMAIN ADMINS@CASCADE.LOCAL","PrincipalType":"group","RightName":"GenericAll","AceType":""},{"PrincipalName":"ENTERPRISE ADMINS@CASCADE.LOCAL","PrincipalType":"group","RightName":"GenericAll","AceType":""},{"PrincipalName":"ADMINISTRATORS@CASCADE.LOCAL","PrincipalType":"group","RightName":"GenericWrite","AceType":""},{"PrincipalName":"ADMINISTRATORS@CASCADE.LOCAL","PrincipalType":"group","RightName":"WriteDacl","AceType":""},{"PrincipalName":"ADMINISTRATORS@CASCADE.LOCAL","PrincipalType":"group","RightName":"WriteOwner","AceType":""}],"Members":[{"MemberName":"S.SMITH@CASCADE.LOCAL","MemberType":"user"},{"MemberName":"ARKSVC@CASCADE.LOCAL","MemberType":"user"}]},{"Properties":{"highvalue":false,"domain":"CASCADE.LOCAL","objectsid":"S-1-5-21-3332504370-1206983947-1165150453-1125","admincount":false,"description":"Members of this group can access WMI resources over management protocols (such as WS-Management via the Windows Remote Management service). This applies only to WMI namespaces that grant access to the user."},"Name":"WINRMREMOTEWMIUSERS__@CASCADE.LOCAL","Aces":[{"PrincipalName":"ACCOUNT OPERATORS@CASCADE.LOCAL","PrincipalType":"group","RightName":"GenericAll","AceType":""},{"PrincipalName":"DOMAIN ADMINS@CASCADE.LOCAL","PrincipalType":"group","RightName":"GenericAll","AceType":""},{"PrincipalName":"ENTERPRISE ADMINS@CASCADE.LOCAL","PrincipalType":"group","RightName":"GenericAll","AceType":""},{"PrincipalName":"ADMINISTRATORS@CASCADE.LOCAL","PrincipalType":"group","RightName":"GenericWrite","AceType":""},{"PrincipalName":"ADMINISTRATORS@CASCADE.LOCAL","PrincipalType":"group","RightName":"WriteDacl","AceType":""},{"PrincipalName":"ADMINISTRATORS@CASCADE.LOCAL","PrincipalType":"group","RightName":"WriteOwner","AceType":""}],"Members":[]},{"Properties":{"highvalue":false,"domain":"CASCADE.LOCAL","objectsid":"S-1-5-21-3332504370-1206983947-1165150453-1138","admincount":false,"description":"\\\\Casc-DC1\\Data"},"Name":"DATA SHARE@CASCADE.LOCAL","Aces":[{"PrincipalName":"DOMAIN ADMINS@CASCADE.LOCAL","PrincipalType":"group","RightName":"Owner","AceType":""},{"PrincipalName":"ACCOUNT OPERATORS@CASCADE.LOCAL","PrincipalType":"group","RightName":"GenericAll","AceType":""},{"PrincipalName":"DOMAIN ADMINS@CASCADE.LOCAL","PrincipalType":"group","RightName":"GenericAll","AceType":""},{"PrincipalName":"ENTERPRISE ADMINS@CASCADE.LOCAL","PrincipalType":"group","RightName":"GenericAll","AceType":""},{"PrincipalName":"ADMINISTRATORS@CASCADE.LOCAL","PrincipalType":"group","RightName":"GenericWrite","AceType":""},{"PrincipalName":"ADMINISTRATORS@CASCADE.LOCAL","PrincipalType":"group","RightName":"WriteDacl","AceType":""},{"PrincipalName":"ADMINISTRATORS@CASCADE.LOCAL","PrincipalType":"group","RightName":"WriteOwner","AceType":""}],"Members":[{"MemberName":"DOMAIN USERS@CASCADE.LOCAL","MemberType":"group"}]},{"Properties":{"highvalue":false,"domain":"CASCADE.LOCAL","objectsid":"S-1-5-21-3332504370-1206983947-1165150453-1132","admincount":false,"description":null},"Name":"FACTORY@CASCADE.LOCAL","Aces":[{"PrincipalName":"DOMAIN ADMINS@CASCADE.LOCAL","PrincipalType":"group","RightName":"Owner","AceType":""},{"PrincipalName":"ACCOUNT OPERATORS@CASCADE.LOCAL","PrincipalType":"group","RightName":"GenericAll","AceType":""},{"PrincipalName":"DOMAIN ADMINS@CASCADE.LOCAL","PrincipalType":"group","RightName":"GenericAll","AceType":""},{"PrincipalName":"ENTERPRISE ADMINS@CASCADE.LOCAL","PrincipalType":"group","RightName":"GenericAll","AceType":""},{"PrincipalName":"ADMINISTRATORS@CASCADE.LOCAL","PrincipalType":"group","RightName":"GenericWrite","AceType":""},{"PrincipalName":"ADMINISTRATORS@CASCADE.LOCAL","PrincipalType":"group","RightName":"WriteDacl","AceType":""},{"PrincipalName":"ADMINISTRATORS@CASCADE.LOCAL","PrincipalType":"group","RightName":"WriteOwner","AceType":""}],"Members":[]},{"Properties":{"highvalue":false,"domain":"CASCADE.LOCAL","objectsid":"S-1-5-21-3332504370-1206983947-1165150453-1137","admincount":false,"description":"\\\\Casc-DC1\\Audit$"},"Name":"AUDIT SHARE@CASCADE.LOCAL","Aces":[{"PrincipalName":"DOMAIN ADMINS@CASCADE.LOCAL","PrincipalType":"group","RightName":"Owner","AceType":""},{"PrincipalName":"ACCOUNT OPERATORS@CASCADE.LOCAL","PrincipalType":"group","RightName":"GenericAll","AceType":""},{"PrincipalName":"DOMAIN ADMINS@CASCADE.LOCAL","PrincipalType":"group","RightName":"GenericAll","AceType":""},{"PrincipalName":"ENTERPRISE ADMINS@CASCADE.LOCAL","PrincipalType":"group","RightName":"GenericAll","AceType":""},{"PrincipalName":"ADMINISTRATORS@CASCADE.LOCAL","PrincipalType":"group","RightName":"GenericWrite","AceType":""},{"PrincipalName":"ADMINISTRATORS@CASCADE.LOCAL","PrincipalType":"group","RightName":"WriteDacl","AceType":""},{"PrincipalName":"ADMINISTRATORS@CASCADE.LOCAL","PrincipalType":"group","RightName":"WriteOwner","AceType":""}],"Members":[{"MemberName":"S.SMITH@CASCADE.LOCAL","MemberType":"user"}]},{"Properties":{"highvalue":false,"domain":"CASCADE.LOCAL","objectsid":"S-1-5-21-3332504370-1206983947-1165150453-1133","admincount":false,"description":null},"Name":"FINANCE@CASCADE.LOCAL","Aces":[{"PrincipalName":"DOMAIN ADMINS@CASCADE.LOCAL","PrincipalType":"group","RightName":"Owner","AceType":""},{"PrincipalName":"ACCOUNT OPERATORS@CASCADE.LOCAL","PrincipalType":"group","RightName":"GenericAll","AceType":""},{"PrincipalName":"DOMAIN ADMINS@CASCADE.LOCAL","PrincipalType":"group","RightName":"GenericAll","AceType":""},{"PrincipalName":"ENTERPRISE ADMINS@CASCADE.LOCAL","PrincipalType":"group","RightName":"GenericAll","AceType":""},{"PrincipalName":"ADMINISTRATORS@CASCADE.LOCAL","PrincipalType":"group","RightName":"GenericWrite","AceType":""},{"PrincipalName":"ADMINISTRATORS@CASCADE.LOCAL","PrincipalType":"group","RightName":"WriteDacl","AceType":""},{"PrincipalName":"ADMINISTRATORS@CASCADE.LOCAL","PrincipalType":"group","RightName":"WriteOwner","AceType":""}],"Members":[]},{"Properties":{"highvalue":true,"domain":"CASCADE.LOCAL","objectsid":"S-1-5-21-3332504370-1206983947-1165150453-516","admincount":true,"description":"All domain controllers in the domain"},"Name":"DOMAIN CONTROLLERS@CASCADE.LOCAL","Aces":[{"PrincipalName":"DOMAIN ADMINS@CASCADE.LOCAL","PrincipalType":"group","RightName":"Owner","AceType":""},{"PrincipalName":"ADMINISTRATORS@CASCADE.LOCAL","PrincipalType":"group","RightName":"GenericWrite","AceType":""},{"PrincipalName":"ADMINISTRATORS@CASCADE.LOCAL","PrincipalType":"group","RightName":"WriteDacl","AceType":""},{"PrincipalName":"ADMINISTRATORS@CASCADE.LOCAL","PrincipalType":"group","RightName":"WriteOwner","AceType":""},{"PrincipalName":"DOMAIN ADMINS@CASCADE.LOCAL","PrincipalType":"group","RightName":"GenericWrite","AceType":""},{"PrincipalName":"DOMAIN ADMINS@CASCADE.LOCAL","PrincipalType":"group","RightName":"WriteDacl","AceType":""},{"PrincipalName":"DOMAIN ADMINS@CASCADE.LOCAL","PrincipalType":"group","RightName":"WriteOwner","AceType":""},{"PrincipalName":"ENTERPRISE ADMINS@CASCADE.LOCAL","PrincipalType":"group","RightName":"GenericWrite","AceType":""},{"PrincipalName":"ENTERPRISE ADMINS@CASCADE.LOCAL","PrincipalType":"group","RightName":"WriteDacl","AceType":""},{"PrincipalName":"ENTERPRISE ADMINS@CASCADE.LOCAL","PrincipalType":"group","RightName":"WriteOwner","AceType":""}],"Members":[]},{"Properties":{"highvalue":false,"domain":"CASCADE.LOCAL","objectsid":"S-1-5-21-3332504370-1206983947-1165150453-518","admincount":true,"description":"Designated administrators of the schema"},"Name":"SCHEMA ADMINS@CASCADE.LOCAL","Aces":[{"PrincipalName":"DOMAIN ADMINS@CASCADE.LOCAL","PrincipalType":"group","RightName":"Owner","AceType":""},{"PrincipalName":"ADMINISTRATORS@CASCADE.LOCAL","PrincipalType":"group","RightName":"GenericWrite","AceType":""},{"PrincipalName":"ADMINISTRATORS@CASCADE.LOCAL","PrincipalType":"group","RightName":"WriteDacl","AceType":""},{"PrincipalName":"ADMINISTRATORS@CASCADE.LOCAL","PrincipalType":"group","RightName":"WriteOwner","AceType":""},{"PrincipalName":"DOMAIN ADMINS@CASCADE.LOCAL","PrincipalType":"group","RightName":"GenericWrite","AceType":""},{"PrincipalName":"DOMAIN ADMINS@CASCADE.LOCAL","PrincipalType":"group","RightName":"WriteDacl","AceType":""},{"PrincipalName":"DOMAIN ADMINS@CASCADE.LOCAL","PrincipalType":"group","RightName":"WriteOwner","AceType":""},{"PrincipalName":"ENTERPRISE ADMINS@CASCADE.LOCAL","PrincipalType":"group","RightName":"GenericWrite","AceType":""},{"PrincipalName":"ENTERPRISE ADMINS@CASCADE.LOCAL","PrincipalType":"group","RightName":"WriteDacl","AceType":""},{"PrincipalName":"ENTERPRISE ADMINS@CASCADE.LOCAL","PrincipalType":"group","RightName":"WriteOwner","AceType":""}],"Members":[{"MemberName":"ADMINISTRATOR@CASCADE.LOCAL","MemberType":"user"}]},{"Properties":{"highvalue":true,"domain":"CASCADE.LOCAL","objectsid":"S-1-5-21-3332504370-1206983947-1165150453-519","admincount":true,"description":"Designated administrators of the enterprise"},"Name":"ENTERPRISE ADMINS@CASCADE.LOCAL","Aces":[{"PrincipalName":"DOMAIN ADMINS@CASCADE.LOCAL","PrincipalType":"group","RightName":"Owner","AceType":""},{"PrincipalName":"ADMINISTRATORS@CASCADE.LOCAL","PrincipalType":"group","RightName":"GenericWrite","AceType":""},{"PrincipalName":"ADMINISTRATORS@CASCADE.LOCAL","PrincipalType":"group","RightName":"WriteDacl","AceType":""},{"PrincipalName":"ADMINISTRATORS@CASCADE.LOCAL","PrincipalType":"group","RightName":"WriteOwner","AceType":""},{"PrincipalName":"DOMAIN ADMINS@CASCADE.LOCAL","PrincipalType":"group","RightName":"GenericWrite","AceType":""},{"PrincipalName":"DOMAIN ADMINS@CASCADE.LOCAL","PrincipalType":"group","RightName":"WriteDacl","AceType":""},{"PrincipalName":"DOMAIN ADMINS@CASCADE.LOCAL","PrincipalType":"group","RightName":"WriteOwner","AceType":""},{"PrincipalName":"ENTERPRISE ADMINS@CASCADE.LOCAL","PrincipalType":"group","RightName":"GenericWrite","AceType":""},{"PrincipalName":"ENTERPRISE ADMINS@CASCADE.LOCAL","PrincipalType":"group","RightName":"WriteDacl","AceType":""},{"PrincipalName":"ENTERPRISE ADMINS@CASCADE.LOCAL","PrincipalType":"group","RightName":"WriteOwner","AceType":""}],"Members":[{"MemberName":"ADMINISTRATOR@CASCADE.LOCAL","MemberType":"user"}]},{"Properties":{"highvalue":true,"domain":"CASCADE.LOCAL","objectsid":"S-1-5-21-3332504370-1206983947-1165150453-512","admincount":true,"description":"Designated administrators of the domain"},"Name":"DOMAIN ADMINS@CASCADE.LOCAL","Aces":[{"PrincipalName":"DOMAIN ADMINS@CASCADE.LOCAL","PrincipalType":"group","RightName":"Owner","AceType":""},{"PrincipalName":"ADMINISTRATORS@CASCADE.LOCAL","PrincipalType":"group","RightName":"GenericWrite","AceType":""},{"PrincipalName":"ADMINISTRATORS@CASCADE.LOCAL","PrincipalType":"group","RightName":"WriteDacl","AceType":""},{"PrincipalName":"ADMINISTRATORS@CASCADE.LOCAL","PrincipalType":"group","RightName":"WriteOwner","AceType":""},{"PrincipalName":"DOMAIN ADMINS@CASCADE.LOCAL","PrincipalType":"group","RightName":"GenericWrite","AceType":""},{"PrincipalName":"DOMAIN ADMINS@CASCADE.LOCAL","PrincipalType":"group","RightName":"WriteDacl","AceType":""},{"PrincipalName":"DOMAIN ADMINS@CASCADE.LOCAL","PrincipalType":"group","RightName":"WriteOwner","AceType":""},{"PrincipalName":"ENTERPRISE ADMINS@CASCADE.LOCAL","PrincipalType":"group","RightName":"GenericWrite","AceType":""},{"PrincipalName":"ENTERPRISE ADMINS@CASCADE.LOCAL","PrincipalType":"group","RightName":"WriteDacl","AceType":""},{"PrincipalName":"ENTERPRISE ADMINS@CASCADE.LOCAL","PrincipalType":"group","RightName":"WriteOwner","AceType":""}],"Members":[{"MemberName":"ADMINISTRATOR@CASCADE.LOCAL","MemberType":"user"}]},{"Properties":{"highvalue":false,"domain":"CASCADE.LOCAL","objectsid":"S-1-5-21-3332504370-1206983947-1165150453-521","admincount":true,"description":"Members of this group are Read-Only Domain Controllers in the domain"},"Name":"READ-ONLY DOMAIN CONTROLLERS@CASCADE.LOCAL","Aces":[{"PrincipalName":"DOMAIN ADMINS@CASCADE.LOCAL","PrincipalType":"group","RightName":"Owner","AceType":""},{"PrincipalName":"ADMINISTRATORS@CASCADE.LOCAL","PrincipalType":"group","RightName":"GenericWrite","AceType":""},{"PrincipalName":"ADMINISTRATORS@CASCADE.LOCAL","PrincipalType":"group","RightName":"WriteDacl","AceType":""},{"PrincipalName":"ADMINISTRATORS@CASCADE.LOCAL","PrincipalType":"group","RightName":"WriteOwner","AceType":""},{"PrincipalName":"DOMAIN ADMINS@CASCADE.LOCAL","PrincipalType":"group","RightName":"GenericWrite","AceType":""},{"PrincipalName":"DOMAIN ADMINS@CASCADE.LOCAL","PrincipalType":"group","RightName":"WriteDacl","AceType":""},{"PrincipalName":"DOMAIN ADMINS@CASCADE.LOCAL","PrincipalType":"group","RightName":"WriteOwner","AceType":""},{"PrincipalName":"ENTERPRISE ADMINS@CASCADE.LOCAL","PrincipalType":"group","RightName":"GenericWrite","AceType":""},{"PrincipalName":"ENTERPRISE ADMINS@CASCADE.LOCAL","PrincipalType":"group","RightName":"WriteDacl","AceType":""},{"PrincipalName":"ENTERPRISE ADMINS@CASCADE.LOCAL","PrincipalType":"group","RightName":"WriteOwner","AceType":""}],"Members":[]},{"Properties":{"highvalue":false,"domain":"CASCADE.LOCAL","objectsid":"S-1-5-21-3332504370-1206983947-1165150453-515","admincount":false,"description":"All workstations and servers joined to the domain"},"Name":"DOMAIN COMPUTERS@CASCADE.LOCAL","Aces":[{"PrincipalName":"DOMAIN ADMINS@CASCADE.LOCAL","PrincipalType":"group","RightName":"Owner","AceType":""},{"PrincipalName":"ACCOUNT OPERATORS@CASCADE.LOCAL","PrincipalType":"group","RightName":"GenericAll","AceType":""},{"PrincipalName":"DOMAIN ADMINS@CASCADE.LOCAL","PrincipalType":"group","RightName":"GenericAll","AceType":""},{"PrincipalName":"ENTERPRISE ADMINS@CASCADE.LOCAL","PrincipalType":"group","RightName":"GenericAll","AceType":""},{"PrincipalName":"ADMINISTRATORS@CASCADE.LOCAL","PrincipalType":"group","RightName":"GenericWrite","AceType":""},{"PrincipalName":"ADMINISTRATORS@CASCADE.LOCAL","PrincipalType":"group","RightName":"WriteDacl","AceType":""},{"PrincipalName":"ADMINISTRATORS@CASCADE.LOCAL","PrincipalType":"group","RightName":"WriteOwner","AceType":""}],"Members":[]},{"Properties":{"highvalue":false,"domain":"CASCADE.LOCAL","objectsid":"S-1-5-21-3332504370-1206983947-1165150453-513","admincount":false,"description":"All domain users"},"Name":"DOMAIN USERS@CASCADE.LOCAL","Aces":[{"PrincipalName":"DOMAIN ADMINS@CASCADE.LOCAL","PrincipalType":"group","RightName":"Owner","AceType":""},{"PrincipalName":"ACCOUNT OPERATORS@CASCADE.LOCAL","PrincipalType":"group","RightName":"GenericAll","AceType":""},{"PrincipalName":"DOMAIN ADMINS@CASCADE.LOCAL","PrincipalType":"group","RightName":"GenericAll","AceType":""},{"PrincipalName":"ENTERPRISE ADMINS@CASCADE.LOCAL","PrincipalType":"group","RightName":"GenericAll","AceType":""},{"PrincipalName":"ADMINISTRATORS@CASCADE.LOCAL","PrincipalType":"group","RightName":"GenericWrite","AceType":""},{"PrincipalName":"ADMINISTRATORS@CASCADE.LOCAL","PrincipalType":"group","RightName":"WriteDacl","AceType":""},{"PrincipalName":"ADMINISTRATORS@CASCADE.LOCAL","PrincipalType":"group","RightName":"WriteOwner","AceType":""}],"Members":[]},{"Properties":{"highvalue":false,"domain":"CASCADE.LOCAL","objectsid":"S-1-5-21-3332504370-1206983947-1165150453-514","admincount":false,"description":"All domain guests"},"Name":"DOMAIN GUESTS@CASCADE.LOCAL","Aces":[{"PrincipalName":"DOMAIN ADMINS@CASCADE.LOCAL","PrincipalType":"group","RightName":"Owner","AceType":""},{"PrincipalName":"ACCOUNT OPERATORS@CASCADE.LOCAL","PrincipalType":"group","RightName":"GenericAll","AceType":""},{"PrincipalName":"DOMAIN ADMINS@CASCADE.LOCAL","PrincipalType":"group","RightName":"GenericAll","AceType":""},{"PrincipalName":"ENTERPRISE ADMINS@CASCADE.LOCAL","PrincipalType":"group","RightName":"GenericAll","AceType":""},{"PrincipalName":"ADMINISTRATORS@CASCADE.LOCAL","PrincipalType":"group","RightName":"GenericWrite","AceType":""},{"PrincipalName":"ADMINISTRATORS@CASCADE.LOCAL","PrincipalType":"group","RightName":"WriteDacl","AceType":""},{"PrincipalName":"ADMINISTRATORS@CASCADE.LOCAL","PrincipalType":"group","RightName":"WriteOwner","AceType":""}],"Members":[]},{"Properties":{"highvalue":false,"domain":"CASCADE.LOCAL","objectsid":"S-1-5-21-3332504370-1206983947-1165150453-1103","admincount":false,"description":"DNS clients who are permitted to perform dynamic updates on behalf of some other clients (such as DHCP servers)."},"Name":"DNSUPDATEPROXY@CASCADE.LOCAL","Aces":[{"PrincipalName":"ACCOUNT OPERATORS@CASCADE.LOCAL","PrincipalType":"group","RightName":"GenericAll","AceType":""},{"PrincipalName":"DOMAIN ADMINS@CASCADE.LOCAL","PrincipalType":"group","RightName":"GenericAll","AceType":""},{"PrincipalName":"ENTERPRISE ADMINS@CASCADE.LOCAL","PrincipalType":"group","RightName":"GenericAll","AceType":""},{"PrincipalName":"ADMINISTRATORS@CASCADE.LOCAL","PrincipalType":"group","RightName":"GenericWrite","AceType":""},{"PrincipalName":"ADMINISTRATORS@CASCADE.LOCAL","PrincipalType":"group","RightName":"WriteDacl","AceType":""},{"PrincipalName":"ADMINISTRATORS@CASCADE.LOCAL","PrincipalType":"group","RightName":"WriteOwner","AceType":""}],"Members":[]},{"Properties":{"highvalue":true,"domain":"CASCADE.LOCAL","objectsid":"S-1-5-21-3332504370-1206983947-1165150453-520","admincount":false,"description":"Members in this group can modify group policy for the domain"},"Name":"GROUP POLICY CREATOR OWNERS@CASCADE.LOCAL","Aces":[{"PrincipalName":"DOMAIN ADMINS@CASCADE.LOCAL","PrincipalType":"group","RightName":"Owner","AceType":""},{"PrincipalName":"ACCOUNT OPERATORS@CASCADE.LOCAL","PrincipalType":"group","RightName":"GenericAll","AceType":""},{"PrincipalName":"DOMAIN ADMINS@CASCADE.LOCAL","PrincipalType":"group","RightName":"GenericAll","AceType":""},{"PrincipalName":"ENTERPRISE ADMINS@CASCADE.LOCAL","PrincipalType":"group","RightName":"GenericAll","AceType":""},{"PrincipalName":"ADMINISTRATORS@CASCADE.LOCAL","PrincipalType":"group","RightName":"GenericWrite","AceType":""},{"PrincipalName":"ADMINISTRATORS@CASCADE.LOCAL","PrincipalType":"group","RightName":"WriteDacl","AceType":""},{"PrincipalName":"ADMINISTRATORS@CASCADE.LOCAL","PrincipalType":"group","RightName":"WriteOwner","AceType":""}],"Members":[{"MemberName":"ADMINISTRATOR@CASCADE.LOCAL","MemberType":"user"}]},{"Properties":{"highvalue":false,"domain":"CASCADE.LOCAL","objectsid":"S-1-5-21-3332504370-1206983947-1165150453-498","admincount":false,"description":"Members of this group are Read-Only Domain Controllers in the enterprise"},"Name":"ENTERPRISE READ-ONLY DOMAIN CONTROLLERS@CASCADE.LOCAL","Aces":[{"PrincipalName":"DOMAIN ADMINS@CASCADE.LOCAL","PrincipalType":"group","RightName":"Owner","AceType":""},{"PrincipalName":"ACCOUNT OPERATORS@CASCADE.LOCAL","PrincipalType":"group","RightName":"GenericAll","AceType":""},{"PrincipalName":"DOMAIN ADMINS@CASCADE.LOCAL","PrincipalType":"group","RightName":"GenericAll","AceType":""},{"PrincipalName":"ENTERPRISE ADMINS@CASCADE.LOCAL","PrincipalType":"group","RightName":"GenericAll","AceType":""},{"PrincipalName":"ADMINISTRATORS@CASCADE.LOCAL","PrincipalType":"group","RightName":"GenericWrite","AceType":""},{"PrincipalName":"ADMINISTRATORS@CASCADE.LOCAL","PrincipalType":"group","RightName":"WriteDacl","AceType":""},{"PrincipalName":"ADMINISTRATORS@CASCADE.LOCAL","PrincipalType":"group","RightName":"WriteOwner","AceType":""}],"Members":[]},{"Properties":{"domain":"cascade.local","objectsid":"S-1-5-9","highvalue":true},"Name":"ENTERPRISE DOMAIN CONTROLLERS@CASCADE.LOCAL","Aces":null,"Members":[{"MemberName":"CASC-DC1.CASCADE.LOCAL","MemberType":"computer"}]}],"meta":{"count":50,"type":"groups"}}