﻿{"ous":[{"Properties":{"name":"UK@CASCADE.LOCAL","highvalue":false,"domain":"CASCADE.LOCAL","blocksinheritance":false,"description":null},"Guid":"83E2CCE3-0368-45BE-B0AF-EB7A7B9F60C2","ChildOus":["009CF8E5-17D6-4B93-A342-3E5F0B1E0B0E","CD9CE157-6BF0-4D3B-A221-B9DBDD068695","D0C852F6-7F65-4663-96F1-E833691ED509"],"Computers":[],"Users":[],"Links":null,"Aces":null},{"Properties":{"name":"USERS@CASCADE.LOCAL","highvalue":false,"domain":"CASCADE.LOCAL","blocksinheritance":false,"description":null},"Guid":"D0C852F6-7F65-4663-96F1-E833691ED509","ChildOus":["37092A1A-7716-4E90-8D6E-B6A830B2EE23"],"Computers":[],"Users":["A.TURNBULL@CASCADE.LOCAL","B.HANSON@CASCADE.LOCAL","D.BURMAN@CASCADE.LOCAL","E.CROWE@CASCADE.LOCAL","I.CROFT@CASCADE.LOCAL","J.WAKEFIELD@CASCADE.LOCAL","J.GOODHAND@CASCADE.LOCAL","J.ALLEN@CASCADE.LOCAL","R.THOMPSON@CASCADE.LOCAL","S.HICKSON@CASCADE.LOCAL","S.SMITH@CASCADE.LOCAL"],"Links":[{"IsEnforced":false,"Name":"LOGON SCRIPTS@CASCADE.LOCAL"}],"Aces":null},{"Properties":{"name":"DOMAIN CONTROLLERS@CASCADE.LOCAL","highvalue":false,"domain":"CASCADE.LOCAL","blocksinheritance":false,"description":"Default container for domain controllers"},"Guid":"D3DBE943-BF96-46CD-9C8D-3900A001EEDF","ChildOus":[],"Computers":["CASC-DC1.CASCADE.LOCAL"],"Users":[],"Links":[{"IsEnforced":false,"Name":"DEFAULT DOMAIN CONTROLLERS POLICY@CASCADE.LOCAL"}],"Aces":null},{"Properties":{"name":"COMPUTERS@CASCADE.LOCAL","highvalue":false,"domain":"CASCADE.LOCAL","blocksinheritance":false,"description":null},"Guid":"009CF8E5-17D6-4B93-A342-3E5F0B1E0B0E","ChildOus":[],"Computers":[],"Users":[],"Links":null,"Aces":null},{"Properties":{"name":"GROUPS@CASCADE.LOCAL","highvalue":false,"domain":"CASCADE.LOCAL","blocksinheritance":false,"description":null},"Guid":"CD9CE157-6BF0-4D3B-A221-B9DBDD068695","ChildOus":[],"Computers":[],"Users":[],"Links":null,"Aces":null},{"Properties":{"name":"SERVICES@CASCADE.LOCAL","highvalue":false,"domain":"CASCADE.LOCAL","blocksinheritance":false,"description":null},"Guid":"37092A1A-7716-4E90-8D6E-B6A830B2EE23","ChildOus":[],"Computers":[],"Users":["ARKSVC@CASCADE.LOCAL","BACKUPSVC@CASCADE.LOCAL","UTIL@CASCADE.LOCAL"],"Links":null,"Aces":null}],"meta":{"count":6,"type":"ous"}}