﻿{"gpos":[{"Properties":{"highvalue":false,"domain":"CASCADE.LOCAL","description":null,"gpcpath":"\\\\cascade.local\\SysVol\\cascade.local\\Policies\\{820E48A7-D083-4C2D-B5F8-B24462924714}"},"Name":"PASSWORD RESET@CASCADE.LOCAL","Guid":"820E48A7-D083-4C2D-B5F8-B24462924714","Aces":[{"PrincipalName":"DOMAIN ADMINS@CASCADE.LOCAL","PrincipalType":"group","RightName":"Owner","AceType":""},{"PrincipalName":"DOMAIN ADMINS@CASCADE.LOCAL","PrincipalType":"group","RightName":"WriteDacl","AceType":""},{"PrincipalName":"DOMAIN ADMINS@CASCADE.LOCAL","PrincipalType":"group","RightName":"WriteOwner","AceType":""},{"PrincipalName":"ENTERPRISE ADMINS@CASCADE.LOCAL","PrincipalType":"group","RightName":"WriteDacl","AceType":""},{"PrincipalName":"ENTERPRISE ADMINS@CASCADE.LOCAL","PrincipalType":"group","RightName":"WriteOwner","AceType":""}]},{"Properties":{"highvalue":false,"domain":"CASCADE.LOCAL","description":null,"gpcpath":"\\\\cascade.local\\SysVol\\cascade.local\\Policies\\{322FEA29-156D-4476-8A06-1935A3525C1C}"},"Name":"LOGON SCRIPTS@CASCADE.LOCAL","Guid":"322FEA29-156D-4476-8A06-1935A3525C1C","Aces":[{"PrincipalName":"DOMAIN ADMINS@CASCADE.LOCAL","PrincipalType":"group","RightName":"Owner","AceType":""},{"PrincipalName":"DOMAIN ADMINS@CASCADE.LOCAL","PrincipalType":"group","RightName":"WriteDacl","AceType":""},{"PrincipalName":"DOMAIN ADMINS@CASCADE.LOCAL","PrincipalType":"group","RightName":"WriteOwner","AceType":""},{"PrincipalName":"ENTERPRISE ADMINS@CASCADE.LOCAL","PrincipalType":"group","RightName":"WriteDacl","AceType":""},{"PrincipalName":"ENTERPRISE ADMINS@CASCADE.LOCAL","PrincipalType":"group","RightName":"WriteOwner","AceType":""}]},{"Properties":{"highvalue":false,"domain":"CASCADE.LOCAL","description":null,"gpcpath":"\\\\cascade.local\\SysVol\\cascade.local\\Policies\\{2906D621-7B58-40F1-AA47-4ED2AEF29484}"},"Name":"TERMINAL SERVICES@CASCADE.LOCAL","Guid":"2906D621-7B58-40F1-AA47-4ED2AEF29484","Aces":[{"PrincipalName":"DOMAIN ADMINS@CASCADE.LOCAL","PrincipalType":"group","RightName":"Owner","AceType":""},{"PrincipalName":"DOMAIN ADMINS@CASCADE.LOCAL","PrincipalType":"group","RightName":"WriteDacl","AceType":""},{"PrincipalName":"DOMAIN ADMINS@CASCADE.LOCAL","PrincipalType":"group","RightName":"WriteOwner","AceType":""},{"PrincipalName":"ENTERPRISE ADMINS@CASCADE.LOCAL","PrincipalType":"group","RightName":"WriteDacl","AceType":""},{"PrincipalName":"ENTERPRISE ADMINS@CASCADE.LOCAL","PrincipalType":"group","RightName":"WriteOwner","AceType":""}]},{"Properties":{"highvalue":false,"domain":"CASCADE.LOCAL","description":null,"gpcpath":"\\\\cascade.local\\sysvol\\cascade.local\\Policies\\{31B2F340-016D-11D2-945F-00C04FB984F9}"},"Name":"DEFAULT DOMAIN POLICY@CASCADE.LOCAL","Guid":"31B2F340-016D-11D2-945F-00C04FB984F9","Aces":[{"PrincipalName":"DOMAIN ADMINS@CASCADE.LOCAL","PrincipalType":"group","RightName":"Owner","AceType":""},{"PrincipalName":"DOMAIN ADMINS@CASCADE.LOCAL","PrincipalType":"group","RightName":"WriteDacl","AceType":""},{"PrincipalName":"DOMAIN ADMINS@CASCADE.LOCAL","PrincipalType":"group","RightName":"WriteOwner","AceType":""},{"PrincipalName":"ENTERPRISE ADMINS@CASCADE.LOCAL","PrincipalType":"group","RightName":"WriteDacl","AceType":""},{"PrincipalName":"ENTERPRISE ADMINS@CASCADE.LOCAL","PrincipalType":"group","RightName":"WriteOwner","AceType":""}]},{"Properties":{"highvalue":false,"domain":"CASCADE.LOCAL","description":null,"gpcpath":"\\\\cascade.local\\SysVol\\cascade.local\\Policies\\{4026EDF8-DBDA-4AED-8266-5A04B80D9327}"},"Name":"TEST@CASCADE.LOCAL","Guid":"4026EDF8-DBDA-4AED-8266-5A04B80D9327","Aces":[{"PrincipalName":"DOMAIN ADMINS@CASCADE.LOCAL","PrincipalType":"group","RightName":"Owner","AceType":""},{"PrincipalName":"DOMAIN ADMINS@CASCADE.LOCAL","PrincipalType":"group","RightName":"WriteDacl","AceType":""},{"PrincipalName":"DOMAIN ADMINS@CASCADE.LOCAL","PrincipalType":"group","RightName":"WriteOwner","AceType":""},{"PrincipalName":"ENTERPRISE ADMINS@CASCADE.LOCAL","PrincipalType":"group","RightName":"WriteDacl","AceType":""},{"PrincipalName":"ENTERPRISE ADMINS@CASCADE.LOCAL","PrincipalType":"group","RightName":"WriteOwner","AceType":""}]},{"Properties":{"highvalue":false,"domain":"CASCADE.LOCAL","description":null,"gpcpath":"\\\\cascade.local\\SysVol\\cascade.local\\Policies\\{D67C2AD5-44C7-4468-BA4C-199E75B2F295}"},"Name":"USER RESTRICTIONS@CASCADE.LOCAL","Guid":"D67C2AD5-44C7-4468-BA4C-199E75B2F295","Aces":[{"PrincipalName":"DOMAIN ADMINS@CASCADE.LOCAL","PrincipalType":"group","RightName":"Owner","AceType":""},{"PrincipalName":"DOMAIN ADMINS@CASCADE.LOCAL","PrincipalType":"group","RightName":"WriteDacl","AceType":""},{"PrincipalName":"DOMAIN ADMINS@CASCADE.LOCAL","PrincipalType":"group","RightName":"WriteOwner","AceType":""},{"PrincipalName":"ENTERPRISE ADMINS@CASCADE.LOCAL","PrincipalType":"group","RightName":"WriteDacl","AceType":""},{"PrincipalName":"ENTERPRISE ADMINS@CASCADE.LOCAL","PrincipalType":"group","RightName":"WriteOwner","AceType":""}]},{"Properties":{"highvalue":false,"domain":"CASCADE.LOCAL","description":null,"gpcpath":"\\\\cascade.local\\sysvol\\cascade.local\\Policies\\{6AC1786C-016F-11D2-945F-00C04fB984F9}"},"Name":"DEFAULT DOMAIN CONTROLLERS POLICY@CASCADE.LOCAL","Guid":"6AC1786C-016F-11D2-945F-00C04fB984F9","Aces":[{"PrincipalName":"DOMAIN ADMINS@CASCADE.LOCAL","PrincipalType":"group","RightName":"Owner","AceType":""},{"PrincipalName":"DOMAIN ADMINS@CASCADE.LOCAL","PrincipalType":"group","RightName":"WriteDacl","AceType":""},{"PrincipalName":"DOMAIN ADMINS@CASCADE.LOCAL","PrincipalType":"group","RightName":"WriteOwner","AceType":""},{"PrincipalName":"ENTERPRISE ADMINS@CASCADE.LOCAL","PrincipalType":"group","RightName":"WriteDacl","AceType":""},{"PrincipalName":"ENTERPRISE ADMINS@CASCADE.LOCAL","PrincipalType":"group","RightName":"WriteOwner","AceType":""}]}],"meta":{"count":7,"type":"gpos"}}