﻿{"users":[{"Properties":{"domain":"CASCADE.LOCAL","objectsid":"S-1-5-21-3332504370-1206983947-1165150453-500","highvalue":false,"enabled":true,"lastlogon":1585825437,"lastlogontimestamp":1585825437,"pwdlastset":1584952781,"serviceprincipalnames":[],"hasspn":false,"displayname":null,"email":null,"title":null,"homedirectory":null,"description":"Built-in account for administering the computer/domain","userpassword":null,"sensitive":false,"dontreqpreauth":false,"passwordnotreqd":false,"unconstraineddelegation":false,"admincount":true},"Name":"ADMINISTRATOR@CASCADE.LOCAL","PrimaryGroup":"DOMAIN USERS@CASCADE.LOCAL","Aces":[{"PrincipalName":"DOMAIN ADMINS@CASCADE.LOCAL","PrincipalType":"group","RightName":"Owner","AceType":""},{"PrincipalName":"ADMINISTRATORS@CASCADE.LOCAL","PrincipalType":"group","RightName":"GenericWrite","AceType":""},{"PrincipalName":"ADMINISTRATORS@CASCADE.LOCAL","PrincipalType":"group","RightName":"WriteDacl","AceType":""},{"PrincipalName":"ADMINISTRATORS@CASCADE.LOCAL","PrincipalType":"group","RightName":"WriteOwner","AceType":""},{"PrincipalName":"ADMINISTRATORS@CASCADE.LOCAL","PrincipalType":"group","RightName":"ExtendedRight","AceType":"All"},{"PrincipalName":"DOMAIN ADMINS@CASCADE.LOCAL","PrincipalType":"group","RightName":"GenericWrite","AceType":""},{"PrincipalName":"DOMAIN ADMINS@CASCADE.LOCAL","PrincipalType":"group","RightName":"WriteDacl","AceType":""},{"PrincipalName":"DOMAIN ADMINS@CASCADE.LOCAL","PrincipalType":"group","RightName":"WriteOwner","AceType":""},{"PrincipalName":"DOMAIN ADMINS@CASCADE.LOCAL","PrincipalType":"group","RightName":"ExtendedRight","AceType":"All"},{"PrincipalName":"ENTERPRISE ADMINS@CASCADE.LOCAL","PrincipalType":"group","RightName":"GenericWrite","AceType":""},{"PrincipalName":"ENTERPRISE ADMINS@CASCADE.LOCAL","PrincipalType":"group","RightName":"WriteDacl","AceType":""},{"PrincipalName":"ENTERPRISE ADMINS@CASCADE.LOCAL","PrincipalType":"group","RightName":"WriteOwner","AceType":""},{"PrincipalName":"ENTERPRISE ADMINS@CASCADE.LOCAL","PrincipalType":"group","RightName":"ExtendedRight","AceType":"All"}],"AllowedToDelegate":[],"SPNTargets":[]},{"Properties":{"domain":"CASCADE.LOCAL","objectsid":"S-1-5-21-3332504370-1206983947-1165150453-502","highvalue":false,"enabled":false,"lastlogon":0,"lastlogontimestamp":-1,"pwdlastset":1578583935,"serviceprincipalnames":["kadmin/changepw"],"hasspn":true,"displayname":null,"email":null,"title":null,"homedirectory":null,"description":"Key Distribution Center Service Account","userpassword":null,"sensitive":false,"dontreqpreauth":false,"passwordnotreqd":false,"unconstraineddelegation":false,"admincount":true},"Name":"KRBTGT@CASCADE.LOCAL","PrimaryGroup":"DOMAIN USERS@CASCADE.LOCAL","Aces":[{"PrincipalName":"DOMAIN ADMINS@CASCADE.LOCAL","PrincipalType":"group","RightName":"Owner","AceType":""},{"PrincipalName":"ADMINISTRATORS@CASCADE.LOCAL","PrincipalType":"group","RightName":"GenericWrite","AceType":""},{"PrincipalName":"ADMINISTRATORS@CASCADE.LOCAL","PrincipalType":"group","RightName":"WriteDacl","AceType":""},{"PrincipalName":"ADMINISTRATORS@CASCADE.LOCAL","PrincipalType":"group","RightName":"WriteOwner","AceType":""},{"PrincipalName":"ADMINISTRATORS@CASCADE.LOCAL","PrincipalType":"group","RightName":"ExtendedRight","AceType":"All"},{"PrincipalName":"DOMAIN ADMINS@CASCADE.LOCAL","PrincipalType":"group","RightName":"GenericWrite","AceType":""},{"PrincipalName":"DOMAIN ADMINS@CASCADE.LOCAL","PrincipalType":"group","RightName":"WriteDacl","AceType":""},{"PrincipalName":"DOMAIN ADMINS@CASCADE.LOCAL","PrincipalType":"group","RightName":"WriteOwner","AceType":""},{"PrincipalName":"DOMAIN ADMINS@CASCADE.LOCAL","PrincipalType":"group","RightName":"ExtendedRight","AceType":"All"},{"PrincipalName":"ENTERPRISE ADMINS@CASCADE.LOCAL","PrincipalType":"group","RightName":"GenericWrite","AceType":""},{"PrincipalName":"ENTERPRISE ADMINS@CASCADE.LOCAL","PrincipalType":"group","RightName":"WriteDacl","AceType":""},{"PrincipalName":"ENTERPRISE ADMINS@CASCADE.LOCAL","PrincipalType":"group","RightName":"WriteOwner","AceType":""},{"PrincipalName":"ENTERPRISE ADMINS@CASCADE.LOCAL","PrincipalType":"group","RightName":"ExtendedRight","AceType":"All"}],"AllowedToDelegate":[],"SPNTargets":[]},{"Properties":{"domain":"CASCADE.LOCAL","objectsid":"S-1-5-21-3332504370-1206983947-1165150453-1106","highvalue":false,"enabled":true,"lastlogon":1580331940,"lastlogontimestamp":1584963513,"pwdlastset":1578586700,"serviceprincipalnames":[],"hasspn":false,"displayname":"ArkSvc","email":null,"title":null,"homedirectory":null,"description":null,"userpassword":null,"sensitive":false,"dontreqpreauth":false,"passwordnotreqd":false,"unconstraineddelegation":false,"admincount":false},"Name":"ARKSVC@CASCADE.LOCAL","PrimaryGroup":"DOMAIN USERS@CASCADE.LOCAL","Aces":[{"PrincipalName":"DOMAIN ADMINS@CASCADE.LOCAL","PrincipalType":"group","RightName":"Owner","AceType":""},{"PrincipalName":"ACCOUNT OPERATORS@CASCADE.LOCAL","PrincipalType":"group","RightName":"GenericAll","AceType":""},{"PrincipalName":"DOMAIN ADMINS@CASCADE.LOCAL","PrincipalType":"group","RightName":"GenericAll","AceType":""},{"PrincipalName":"ENTERPRISE ADMINS@CASCADE.LOCAL","PrincipalType":"group","RightName":"GenericAll","AceType":""},{"PrincipalName":"ADMINISTRATORS@CASCADE.LOCAL","PrincipalType":"group","RightName":"GenericWrite","AceType":""},{"PrincipalName":"ADMINISTRATORS@CASCADE.LOCAL","PrincipalType":"group","RightName":"WriteDacl","AceType":""},{"PrincipalName":"ADMINISTRATORS@CASCADE.LOCAL","PrincipalType":"group","RightName":"WriteOwner","AceType":""},{"PrincipalName":"ADMINISTRATORS@CASCADE.LOCAL","PrincipalType":"group","RightName":"ExtendedRight","AceType":"All"}],"AllowedToDelegate":[],"SPNTargets":[]},{"Properties":{"domain":"CASCADE.LOCAL","objectsid":"S-1-5-21-3332504370-1206983947-1165150453-1111","highvalue":false,"enabled":true,"lastlogon":1580234987,"lastlogontimestamp":1580234987,"pwdlastset":1578881231,"serviceprincipalnames":[],"hasspn":false,"displayname":"Util","email":null,"title":null,"homedirectory":null,"description":null,"userpassword":null,"sensitive":false,"dontreqpreauth":false,"passwordnotreqd":false,"unconstraineddelegation":false,"admincount":false},"Name":"UTIL@CASCADE.LOCAL","PrimaryGroup":"DOMAIN USERS@CASCADE.LOCAL","Aces":[{"PrincipalName":"DOMAIN ADMINS@CASCADE.LOCAL","PrincipalType":"group","RightName":"Owner","AceType":""},{"PrincipalName":"ACCOUNT OPERATORS@CASCADE.LOCAL","PrincipalType":"group","RightName":"GenericAll","AceType":""},{"PrincipalName":"DOMAIN ADMINS@CASCADE.LOCAL","PrincipalType":"group","RightName":"GenericAll","AceType":""},{"PrincipalName":"ENTERPRISE ADMINS@CASCADE.LOCAL","PrincipalType":"group","RightName":"GenericAll","AceType":""},{"PrincipalName":"ADMINISTRATORS@CASCADE.LOCAL","PrincipalType":"group","RightName":"GenericWrite","AceType":""},{"PrincipalName":"ADMINISTRATORS@CASCADE.LOCAL","PrincipalType":"group","RightName":"WriteDacl","AceType":""},{"PrincipalName":"ADMINISTRATORS@CASCADE.LOCAL","PrincipalType":"group","RightName":"WriteOwner","AceType":""},{"PrincipalName":"ADMINISTRATORS@CASCADE.LOCAL","PrincipalType":"group","RightName":"ExtendedRight","AceType":"All"}],"AllowedToDelegate":[],"SPNTargets":[]},{"Properties":{"domain":"CASCADE.LOCAL","objectsid":"S-1-5-21-3332504370-1206983947-1165150453-1107","highvalue":false,"enabled":true,"lastlogon":1585826673,"lastlogontimestamp":1584963073,"pwdlastset":1580241485,"serviceprincipalnames":[],"hasspn":false,"displayname":"Steve Smith","email":null,"title":null,"homedirectory":null,"description":null,"userpassword":null,"sensitive":false,"dontreqpreauth":false,"passwordnotreqd":false,"unconstraineddelegation":false,"admincount":false},"Name":"S.SMITH@CASCADE.LOCAL","PrimaryGroup":"DOMAIN USERS@CASCADE.LOCAL","Aces":[{"PrincipalName":"DOMAIN ADMINS@CASCADE.LOCAL","PrincipalType":"group","RightName":"Owner","AceType":""},{"PrincipalName":"ACCOUNT OPERATORS@CASCADE.LOCAL","PrincipalType":"group","RightName":"GenericAll","AceType":""},{"PrincipalName":"DOMAIN ADMINS@CASCADE.LOCAL","PrincipalType":"group","RightName":"GenericAll","AceType":""},{"PrincipalName":"ENTERPRISE ADMINS@CASCADE.LOCAL","PrincipalType":"group","RightName":"GenericAll","AceType":""},{"PrincipalName":"ADMINISTRATORS@CASCADE.LOCAL","PrincipalType":"group","RightName":"GenericWrite","AceType":""},{"PrincipalName":"ADMINISTRATORS@CASCADE.LOCAL","PrincipalType":"group","RightName":"WriteDacl","AceType":""},{"PrincipalName":"ADMINISTRATORS@CASCADE.LOCAL","PrincipalType":"group","RightName":"WriteOwner","AceType":""},{"PrincipalName":"ADMINISTRATORS@CASCADE.LOCAL","PrincipalType":"group","RightName":"ExtendedRight","AceType":"All"}],"AllowedToDelegate":[],"SPNTargets":[]},{"Properties":{"domain":"CASCADE.LOCAL","objectsid":"S-1-5-21-3332504370-1206983947-1165150453-1109","highvalue":false,"enabled":true,"lastlogon":1580260312,"lastlogontimestamp":1584962431,"pwdlastset":1578598286,"serviceprincipalnames":[],"hasspn":false,"displayname":"Ryan Thompson","email":null,"title":null,"homedirectory":null,"description":null,"userpassword":null,"sensitive":false,"dontreqpreauth":false,"passwordnotreqd":false,"unconstraineddelegation":false,"admincount":false},"Name":"R.THOMPSON@CASCADE.LOCAL","PrimaryGroup":"DOMAIN USERS@CASCADE.LOCAL","Aces":[{"PrincipalName":"DOMAIN ADMINS@CASCADE.LOCAL","PrincipalType":"group","RightName":"Owner","AceType":""},{"PrincipalName":"ACCOUNT OPERATORS@CASCADE.LOCAL","PrincipalType":"group","RightName":"GenericAll","AceType":""},{"PrincipalName":"DOMAIN ADMINS@CASCADE.LOCAL","PrincipalType":"group","RightName":"GenericAll","AceType":""},{"PrincipalName":"ENTERPRISE ADMINS@CASCADE.LOCAL","PrincipalType":"group","RightName":"GenericAll","AceType":""},{"PrincipalName":"ADMINISTRATORS@CASCADE.LOCAL","PrincipalType":"group","RightName":"GenericWrite","AceType":""},{"PrincipalName":"ADMINISTRATORS@CASCADE.LOCAL","PrincipalType":"group","RightName":"WriteDacl","AceType":""},{"PrincipalName":"ADMINISTRATORS@CASCADE.LOCAL","PrincipalType":"group","RightName":"WriteOwner","AceType":""},{"PrincipalName":"ADMINISTRATORS@CASCADE.LOCAL","PrincipalType":"group","RightName":"ExtendedRight","AceType":"All"}],"AllowedToDelegate":[],"SPNTargets":[]},{"Properties":{"domain":"CASCADE.LOCAL","objectsid":"S-1-5-21-3332504370-1206983947-1165150453-1121","highvalue":false,"enabled":true,"lastlogon":0,"lastlogontimestamp":-1,"pwdlastset":1578878667,"serviceprincipalnames":[],"hasspn":false,"displayname":"Stephanie Hickson","email":null,"title":null,"homedirectory":null,"description":null,"userpassword":null,"sensitive":false,"dontreqpreauth":false,"passwordnotreqd":false,"unconstraineddelegation":false,"admincount":false},"Name":"S.HICKSON@CASCADE.LOCAL","PrimaryGroup":"DOMAIN USERS@CASCADE.LOCAL","Aces":[{"PrincipalName":"DOMAIN ADMINS@CASCADE.LOCAL","PrincipalType":"group","RightName":"Owner","AceType":""},{"PrincipalName":"ACCOUNT OPERATORS@CASCADE.LOCAL","PrincipalType":"group","RightName":"GenericAll","AceType":""},{"PrincipalName":"DOMAIN ADMINS@CASCADE.LOCAL","PrincipalType":"group","RightName":"GenericAll","AceType":""},{"PrincipalName":"ENTERPRISE ADMINS@CASCADE.LOCAL","PrincipalType":"group","RightName":"GenericAll","AceType":""},{"PrincipalName":"ADMINISTRATORS@CASCADE.LOCAL","PrincipalType":"group","RightName":"GenericWrite","AceType":""},{"PrincipalName":"ADMINISTRATORS@CASCADE.LOCAL","PrincipalType":"group","RightName":"WriteDacl","AceType":""},{"PrincipalName":"ADMINISTRATORS@CASCADE.LOCAL","PrincipalType":"group","RightName":"WriteOwner","AceType":""},{"PrincipalName":"ADMINISTRATORS@CASCADE.LOCAL","PrincipalType":"group","RightName":"ExtendedRight","AceType":"All"}],"AllowedToDelegate":[],"SPNTargets":[]},{"Properties":{"domain":"CASCADE.LOCAL","objectsid":"S-1-5-21-3332504370-1206983947-1165150453-1116","highvalue":false,"enabled":true,"lastlogon":0,"lastlogontimestamp":-1,"pwdlastset":1578602084,"serviceprincipalnames":[],"hasspn":false,"displayname":"James Wakefield","email":null,"title":null,"homedirectory":null,"description":null,"userpassword":null,"sensitive":false,"dontreqpreauth":false,"passwordnotreqd":false,"unconstraineddelegation":false,"admincount":false},"Name":"J.WAKEFIELD@CASCADE.LOCAL","PrimaryGroup":"DOMAIN USERS@CASCADE.LOCAL","Aces":[{"PrincipalName":"DOMAIN ADMINS@CASCADE.LOCAL","PrincipalType":"group","RightName":"Owner","AceType":""},{"PrincipalName":"ACCOUNT OPERATORS@CASCADE.LOCAL","PrincipalType":"group","RightName":"GenericAll","AceType":""},{"PrincipalName":"DOMAIN ADMINS@CASCADE.LOCAL","PrincipalType":"group","RightName":"GenericAll","AceType":""},{"PrincipalName":"ENTERPRISE ADMINS@CASCADE.LOCAL","PrincipalType":"group","RightName":"GenericAll","AceType":""},{"PrincipalName":"ADMINISTRATORS@CASCADE.LOCAL","PrincipalType":"group","RightName":"GenericWrite","AceType":""},{"PrincipalName":"ADMINISTRATORS@CASCADE.LOCAL","PrincipalType":"group","RightName":"WriteDacl","AceType":""},{"PrincipalName":"ADMINISTRATORS@CASCADE.LOCAL","PrincipalType":"group","RightName":"WriteOwner","AceType":""},{"PrincipalName":"ADMINISTRATORS@CASCADE.LOCAL","PrincipalType":"group","RightName":"ExtendedRight","AceType":"All"}],"AllowedToDelegate":[],"SPNTargets":[]},{"Properties":{"domain":"CASCADE.LOCAL","objectsid":"S-1-5-21-3332504370-1206983947-1165150453-1122","highvalue":false,"enabled":true,"lastlogon":0,"lastlogontimestamp":-1,"pwdlastset":1578879626,"serviceprincipalnames":[],"hasspn":false,"displayname":"John Goodhand","email":null,"title":null,"homedirectory":null,"description":null,"userpassword":null,"sensitive":false,"dontreqpreauth":false,"passwordnotreqd":false,"unconstraineddelegation":false,"admincount":false},"Name":"J.GOODHAND@CASCADE.LOCAL","PrimaryGroup":"DOMAIN USERS@CASCADE.LOCAL","Aces":[{"PrincipalName":"DOMAIN ADMINS@CASCADE.LOCAL","PrincipalType":"group","RightName":"Owner","AceType":""},{"PrincipalName":"ACCOUNT OPERATORS@CASCADE.LOCAL","PrincipalType":"group","RightName":"GenericAll","AceType":""},{"PrincipalName":"DOMAIN ADMINS@CASCADE.LOCAL","PrincipalType":"group","RightName":"GenericAll","AceType":""},{"PrincipalName":"ENTERPRISE ADMINS@CASCADE.LOCAL","PrincipalType":"group","RightName":"GenericAll","AceType":""},{"PrincipalName":"ADMINISTRATORS@CASCADE.LOCAL","PrincipalType":"group","RightName":"GenericWrite","AceType":""},{"PrincipalName":"ADMINISTRATORS@CASCADE.LOCAL","PrincipalType":"group","RightName":"WriteDacl","AceType":""},{"PrincipalName":"ADMINISTRATORS@CASCADE.LOCAL","PrincipalType":"group","RightName":"WriteOwner","AceType":""},{"PrincipalName":"ADMINISTRATORS@CASCADE.LOCAL","PrincipalType":"group","RightName":"ExtendedRight","AceType":"All"}],"AllowedToDelegate":[],"SPNTargets":[]},{"Properties":{"domain":"CASCADE.LOCAL","objectsid":"S-1-5-21-3332504370-1206983947-1165150453-1127","highvalue":false,"enabled":false,"lastlogon":0,"lastlogontimestamp":-1,"pwdlastset":1578887102,"serviceprincipalnames":[],"hasspn":false,"displayname":"Edward Crowe","email":null,"title":null,"homedirectory":null,"description":null,"userpassword":null,"sensitive":false,"dontreqpreauth":false,"passwordnotreqd":false,"unconstraineddelegation":false,"admincount":false},"Name":"E.CROWE@CASCADE.LOCAL","PrimaryGroup":"DOMAIN USERS@CASCADE.LOCAL","Aces":[{"PrincipalName":"DOMAIN ADMINS@CASCADE.LOCAL","PrincipalType":"group","RightName":"Owner","AceType":""},{"PrincipalName":"ACCOUNT OPERATORS@CASCADE.LOCAL","PrincipalType":"group","RightName":"GenericAll","AceType":""},{"PrincipalName":"DOMAIN ADMINS@CASCADE.LOCAL","PrincipalType":"group","RightName":"GenericAll","AceType":""},{"PrincipalName":"ENTERPRISE ADMINS@CASCADE.LOCAL","PrincipalType":"group","RightName":"GenericAll","AceType":""},{"PrincipalName":"ADMINISTRATORS@CASCADE.LOCAL","PrincipalType":"group","RightName":"GenericWrite","AceType":""},{"PrincipalName":"ADMINISTRATORS@CASCADE.LOCAL","PrincipalType":"group","RightName":"WriteDacl","AceType":""},{"PrincipalName":"ADMINISTRATORS@CASCADE.LOCAL","PrincipalType":"group","RightName":"WriteOwner","AceType":""},{"PrincipalName":"ADMINISTRATORS@CASCADE.LOCAL","PrincipalType":"group","RightName":"ExtendedRight","AceType":"All"}],"AllowedToDelegate":[],"SPNTargets":[]},{"Properties":{"domain":"CASCADE.LOCAL","objectsid":"S-1-5-21-3332504370-1206983947-1165150453-1129","highvalue":false,"enabled":true,"lastlogon":0,"lastlogontimestamp":-1,"pwdlastset":1578933372,"serviceprincipalnames":[],"hasspn":false,"displayname":"David Burman","email":null,"title":null,"homedirectory":null,"description":null,"userpassword":null,"sensitive":false,"dontreqpreauth":false,"passwordnotreqd":false,"unconstraineddelegation":false,"admincount":false},"Name":"D.BURMAN@CASCADE.LOCAL","PrimaryGroup":"DOMAIN USERS@CASCADE.LOCAL","Aces":[{"PrincipalName":"DOMAIN ADMINS@CASCADE.LOCAL","PrincipalType":"group","RightName":"Owner","AceType":""},{"PrincipalName":"ACCOUNT OPERATORS@CASCADE.LOCAL","PrincipalType":"group","RightName":"GenericAll","AceType":""},{"PrincipalName":"DOMAIN ADMINS@CASCADE.LOCAL","PrincipalType":"group","RightName":"GenericAll","AceType":""},{"PrincipalName":"ENTERPRISE ADMINS@CASCADE.LOCAL","PrincipalType":"group","RightName":"GenericAll","AceType":""},{"PrincipalName":"ADMINISTRATORS@CASCADE.LOCAL","PrincipalType":"group","RightName":"GenericWrite","AceType":""},{"PrincipalName":"ADMINISTRATORS@CASCADE.LOCAL","PrincipalType":"group","RightName":"WriteDacl","AceType":""},{"PrincipalName":"ADMINISTRATORS@CASCADE.LOCAL","PrincipalType":"group","RightName":"WriteOwner","AceType":""},{"PrincipalName":"ADMINISTRATORS@CASCADE.LOCAL","PrincipalType":"group","RightName":"ExtendedRight","AceType":"All"}],"AllowedToDelegate":[],"SPNTargets":[]},{"Properties":{"domain":"CASCADE.LOCAL","objectsid":"S-1-5-21-3332504370-1206983947-1165150453-1134","highvalue":false,"enabled":true,"lastlogon":0,"lastlogontimestamp":-1,"pwdlastset":1578936239,"serviceprincipalnames":[],"hasspn":false,"displayname":"Joseph Allen","email":null,"title":null,"homedirectory":null,"description":null,"userpassword":null,"sensitive":false,"dontreqpreauth":false,"passwordnotreqd":false,"unconstraineddelegation":false,"admincount":false},"Name":"J.ALLEN@CASCADE.LOCAL","PrimaryGroup":"DOMAIN USERS@CASCADE.LOCAL","Aces":[{"PrincipalName":"DOMAIN ADMINS@CASCADE.LOCAL","PrincipalType":"group","RightName":"Owner","AceType":""},{"PrincipalName":"ACCOUNT OPERATORS@CASCADE.LOCAL","PrincipalType":"group","RightName":"GenericAll","AceType":""},{"PrincipalName":"DOMAIN ADMINS@CASCADE.LOCAL","PrincipalType":"group","RightName":"GenericAll","AceType":""},{"PrincipalName":"ENTERPRISE ADMINS@CASCADE.LOCAL","PrincipalType":"group","RightName":"GenericAll","AceType":""},{"PrincipalName":"ADMINISTRATORS@CASCADE.LOCAL","PrincipalType":"group","RightName":"GenericWrite","AceType":""},{"PrincipalName":"ADMINISTRATORS@CASCADE.LOCAL","PrincipalType":"group","RightName":"WriteDacl","AceType":""},{"PrincipalName":"ADMINISTRATORS@CASCADE.LOCAL","PrincipalType":"group","RightName":"WriteOwner","AceType":""},{"PrincipalName":"ADMINISTRATORS@CASCADE.LOCAL","PrincipalType":"group","RightName":"ExtendedRight","AceType":"All"}],"AllowedToDelegate":[],"SPNTargets":[]},{"Properties":{"domain":"CASCADE.LOCAL","objectsid":"S-1-5-21-3332504370-1206983947-1165150453-501","highvalue":false,"enabled":false,"lastlogon":0,"lastlogontimestamp":1578596464,"pwdlastset":0,"serviceprincipalnames":[],"hasspn":false,"displayname":null,"email":null,"title":null,"homedirectory":null,"description":"Built-in account for guest access to the computer/domain","userpassword":null,"sensitive":false,"dontreqpreauth":false,"passwordnotreqd":true,"unconstraineddelegation":false,"admincount":false},"Name":"CASCGUEST@CASCADE.LOCAL","PrimaryGroup":"DOMAIN GUESTS@CASCADE.LOCAL","Aces":[{"PrincipalName":"ADMINISTRATORS@CASCADE.LOCAL","PrincipalType":"group","RightName":"Owner","AceType":""},{"PrincipalName":"ADMINISTRATORS@CASCADE.LOCAL","PrincipalType":"group","RightName":"GenericAll","AceType":""},{"PrincipalName":"ACCOUNT OPERATORS@CASCADE.LOCAL","PrincipalType":"group","RightName":"GenericAll","AceType":""},{"PrincipalName":"ENTERPRISE ADMINS@CASCADE.LOCAL","PrincipalType":"group","RightName":"GenericAll","AceType":""},{"PrincipalName":"ADMINISTRATORS@CASCADE.LOCAL","PrincipalType":"group","RightName":"GenericWrite","AceType":""},{"PrincipalName":"ADMINISTRATORS@CASCADE.LOCAL","PrincipalType":"group","RightName":"WriteDacl","AceType":""},{"PrincipalName":"ADMINISTRATORS@CASCADE.LOCAL","PrincipalType":"group","RightName":"WriteOwner","AceType":""},{"PrincipalName":"ADMINISTRATORS@CASCADE.LOCAL","PrincipalType":"group","RightName":"ExtendedRight","AceType":"All"}],"AllowedToDelegate":[],"SPNTargets":[]},{"Properties":{"domain":"CASCADE.LOCAL","objectsid":"S-1-5-21-3332504370-1206983947-1165150453-1124","highvalue":false,"enabled":true,"lastlogon":0,"lastlogontimestamp":-1,"pwdlastset":1578879793,"serviceprincipalnames":[],"hasspn":false,"displayname":"Adrian Turnbull","email":null,"title":null,"homedirectory":null,"description":null,"userpassword":null,"sensitive":false,"dontreqpreauth":false,"passwordnotreqd":true,"unconstraineddelegation":false,"admincount":false},"Name":"A.TURNBULL@CASCADE.LOCAL","PrimaryGroup":"DOMAIN USERS@CASCADE.LOCAL","Aces":[{"PrincipalName":"DOMAIN ADMINS@CASCADE.LOCAL","PrincipalType":"group","RightName":"Owner","AceType":""},{"PrincipalName":"ACCOUNT OPERATORS@CASCADE.LOCAL","PrincipalType":"group","RightName":"GenericAll","AceType":""},{"PrincipalName":"DOMAIN ADMINS@CASCADE.LOCAL","PrincipalType":"group","RightName":"GenericAll","AceType":""},{"PrincipalName":"ENTERPRISE ADMINS@CASCADE.LOCAL","PrincipalType":"group","RightName":"GenericAll","AceType":""},{"PrincipalName":"ADMINISTRATORS@CASCADE.LOCAL","PrincipalType":"group","RightName":"GenericWrite","AceType":""},{"PrincipalName":"ADMINISTRATORS@CASCADE.LOCAL","PrincipalType":"group","RightName":"WriteDacl","AceType":""},{"PrincipalName":"ADMINISTRATORS@CASCADE.LOCAL","PrincipalType":"group","RightName":"WriteOwner","AceType":""},{"PrincipalName":"ADMINISTRATORS@CASCADE.LOCAL","PrincipalType":"group","RightName":"ExtendedRight","AceType":"All"}],"AllowedToDelegate":[],"SPNTargets":[]},{"Properties":{"domain":"CASCADE.LOCAL","objectsid":"S-1-5-21-3332504370-1206983947-1165150453-1128","highvalue":false,"enabled":false,"lastlogon":0,"lastlogontimestamp":-1,"pwdlastset":1578933339,"serviceprincipalnames":[],"hasspn":false,"displayname":"Ben Hanson","email":null,"title":null,"homedirectory":null,"description":null,"userpassword":null,"sensitive":false,"dontreqpreauth":false,"passwordnotreqd":false,"unconstraineddelegation":false,"admincount":false},"Name":"B.HANSON@CASCADE.LOCAL","PrimaryGroup":"DOMAIN USERS@CASCADE.LOCAL","Aces":[{"PrincipalName":"DOMAIN ADMINS@CASCADE.LOCAL","PrincipalType":"group","RightName":"Owner","AceType":""},{"PrincipalName":"ACCOUNT OPERATORS@CASCADE.LOCAL","PrincipalType":"group","RightName":"GenericAll","AceType":""},{"PrincipalName":"DOMAIN ADMINS@CASCADE.LOCAL","PrincipalType":"group","RightName":"GenericAll","AceType":""},{"PrincipalName":"ENTERPRISE ADMINS@CASCADE.LOCAL","PrincipalType":"group","RightName":"GenericAll","AceType":""},{"PrincipalName":"ADMINISTRATORS@CASCADE.LOCAL","PrincipalType":"group","RightName":"GenericWrite","AceType":""},{"PrincipalName":"ADMINISTRATORS@CASCADE.LOCAL","PrincipalType":"group","RightName":"WriteDacl","AceType":""},{"PrincipalName":"ADMINISTRATORS@CASCADE.LOCAL","PrincipalType":"group","RightName":"WriteOwner","AceType":""},{"PrincipalName":"ADMINISTRATORS@CASCADE.LOCAL","PrincipalType":"group","RightName":"ExtendedRight","AceType":"All"}],"AllowedToDelegate":[],"SPNTargets":[]},{"Properties":{"domain":"CASCADE.LOCAL","objectsid":"S-1-5-21-3332504370-1206983947-1165150453-1135","highvalue":false,"enabled":false,"lastlogon":0,"lastlogontimestamp":-1,"pwdlastset":1579124781,"serviceprincipalnames":[],"hasspn":false,"displayname":"Ian Croft","email":null,"title":null,"homedirectory":null,"description":null,"userpassword":null,"sensitive":false,"dontreqpreauth":false,"passwordnotreqd":false,"unconstraineddelegation":false,"admincount":false},"Name":"I.CROFT@CASCADE.LOCAL","PrimaryGroup":"DOMAIN USERS@CASCADE.LOCAL","Aces":[{"PrincipalName":"DOMAIN ADMINS@CASCADE.LOCAL","PrincipalType":"group","RightName":"Owner","AceType":""},{"PrincipalName":"ACCOUNT OPERATORS@CASCADE.LOCAL","PrincipalType":"group","RightName":"GenericAll","AceType":""},{"PrincipalName":"DOMAIN ADMINS@CASCADE.LOCAL","PrincipalType":"group","RightName":"GenericAll","AceType":""},{"PrincipalName":"ENTERPRISE ADMINS@CASCADE.LOCAL","PrincipalType":"group","RightName":"GenericAll","AceType":""},{"PrincipalName":"ADMINISTRATORS@CASCADE.LOCAL","PrincipalType":"group","RightName":"GenericWrite","AceType":""},{"PrincipalName":"ADMINISTRATORS@CASCADE.LOCAL","PrincipalType":"group","RightName":"WriteDacl","AceType":""},{"PrincipalName":"ADMINISTRATORS@CASCADE.LOCAL","PrincipalType":"group","RightName":"WriteOwner","AceType":""},{"PrincipalName":"ADMINISTRATORS@CASCADE.LOCAL","PrincipalType":"group","RightName":"ExtendedRight","AceType":"All"}],"AllowedToDelegate":[],"SPNTargets":[]},{"Properties":{"domain":"CASCADE.LOCAL","objectsid":"S-1-5-21-3332504370-1206983947-1165150453-1130","highvalue":false,"enabled":true,"lastlogon":0,"lastlogontimestamp":-1,"pwdlastset":1578933423,"serviceprincipalnames":[],"hasspn":false,"displayname":"BackupSvc","email":null,"title":null,"homedirectory":null,"description":null,"userpassword":null,"sensitive":false,"dontreqpreauth":false,"passwordnotreqd":false,"unconstraineddelegation":false,"admincount":false},"Name":"BACKUPSVC@CASCADE.LOCAL","PrimaryGroup":"DOMAIN USERS@CASCADE.LOCAL","Aces":[{"PrincipalName":"DOMAIN ADMINS@CASCADE.LOCAL","PrincipalType":"group","RightName":"Owner","AceType":""},{"PrincipalName":"ACCOUNT OPERATORS@CASCADE.LOCAL","PrincipalType":"group","RightName":"GenericAll","AceType":""},{"PrincipalName":"DOMAIN ADMINS@CASCADE.LOCAL","PrincipalType":"group","RightName":"GenericAll","AceType":""},{"PrincipalName":"ENTERPRISE ADMINS@CASCADE.LOCAL","PrincipalType":"group","RightName":"GenericAll","AceType":""},{"PrincipalName":"ADMINISTRATORS@CASCADE.LOCAL","PrincipalType":"group","RightName":"GenericWrite","AceType":""},{"PrincipalName":"ADMINISTRATORS@CASCADE.LOCAL","PrincipalType":"group","RightName":"WriteDacl","AceType":""},{"PrincipalName":"ADMINISTRATORS@CASCADE.LOCAL","PrincipalType":"group","RightName":"WriteOwner","AceType":""},{"PrincipalName":"ADMINISTRATORS@CASCADE.LOCAL","PrincipalType":"group","RightName":"ExtendedRight","AceType":"All"}],"AllowedToDelegate":[],"SPNTargets":[]}],"meta":{"count":17,"type":"users"}}