﻿{"domains":[{"Properties":{"objectsid":"S-1-5-21-3332504370-1206983947-1165150453","highvalue":true,"domain":"CASCADE.LOCAL","description":null,"functionallevel":"2008 R2"},"Name":"CASCADE.LOCAL","Links":[{"IsEnforced":false,"Name":"DEFAULT DOMAIN POLICY@CASCADE.LOCAL"}],"Trusts":[],"Aces":[{"PrincipalName":"ADMINISTRATORS@CASCADE.LOCAL","PrincipalType":"group","RightName":"Owner","AceType":""},{"PrincipalName":"ADMINISTRATORS@CASCADE.LOCAL","PrincipalType":"group","RightName":"WriteDacl","AceType":""},{"PrincipalName":"ADMINISTRATORS@CASCADE.LOCAL","PrincipalType":"group","RightName":"WriteOwner","AceType":""},{"PrincipalName":"ADMINISTRATORS@CASCADE.LOCAL","PrincipalType":"group","RightName":"ExtendedRight","AceType":"All"},{"PrincipalName":"DOMAIN ADMINS@CASCADE.LOCAL","PrincipalType":"group","RightName":"WriteDacl","AceType":""},{"PrincipalName":"DOMAIN ADMINS@CASCADE.LOCAL","PrincipalType":"group","RightName":"WriteOwner","AceType":""},{"PrincipalName":"DOMAIN ADMINS@CASCADE.LOCAL","PrincipalType":"group","RightName":"ExtendedRight","AceType":"All"},{"PrincipalName":"ENTERPRISE ADMINS@CASCADE.LOCAL","PrincipalType":"group","RightName":"GenericAll","AceType":""},{"PrincipalName":"ENTERPRISE DOMAIN CONTROLLERS@CASCADE.LOCAL","PrincipalType":"group","RightName":"ExtendedRight","AceType":"GetChanges"},{"PrincipalName":"ADMINISTRATORS@CASCADE.LOCAL","PrincipalType":"group","RightName":"ExtendedRight","AceType":"GetChanges"},{"PrincipalName":"ADMINISTRATORS@CASCADE.LOCAL","PrincipalType":"group","RightName":"ExtendedRight","AceType":"GetChangesAll"},{"PrincipalName":"ENTERPRISE READ-ONLY DOMAIN CONTROLLERS@CASCADE.LOCAL","PrincipalType":"group","RightName":"ExtendedRight","AceType":"GetChanges"},{"PrincipalName":"DOMAIN CONTROLLERS@CASCADE.LOCAL","PrincipalType":"group","RightName":"ExtendedRight","AceType":"GetChangesAll"}],"ChildOus":["D3DBE943-BF96-46CD-9C8D-3900A001EEDF","83E2CCE3-0368-45BE-B0AF-EB7A7B9F60C2"],"Computers":[],"Users":["ADMINISTRATOR@CASCADE.LOCAL","CASCGUEST@CASCADE.LOCAL","KRBTGT@CASCADE.LOCAL"]}],"meta":{"count":1,"type":"domains"}}